4.000000,-10678.979492,-689.959412,2176.540283
4.000000,-5890.420410,-1245.743530,2182.061279
5.000000,-3339.477539,-1216.061401,2317.957031
4.000000,-10361.754883,-1115.361328,2176.061279
4.000000,-10677.922852,27.254269,2076.061279
5.000000,-3933.979248,147.428436,2476.061279
5.000000,-4072.759033,-391.749786,2430.061279
4.000000,-13465.458984,-1284.061401,2184.279297
4.000000,-13824.081055,119.326607,2092.061279
4.000000,-10720.774414,-644.257202,2177.061279
4.000000,-12350.693359,-665.851135,2090.220703
4.000000,-8952.280273,25.541193,2197.554443
5.000000,-3359.382568,-1212.061401,2263.227539
4.000000,-5519.075195,-1212.061401,2391.360352
4.000000,-8153.910645,155.938599,2177.973145
4.000000,-5069.391113,-1257.084839,2470.061279
4.000000,-11882.394531,-177.092941,2180.061279
4.000000,-10149.930664,155.872360,2476.061279
4.000000,-11153.212891,-1324.793701,2076.061279
4.000000,-13489.574219,87.938599,2155.564209
4.000000,-12466.107422,-257.186920,2140.294434
4.000000,-13983.938477,-1284.061401,2182.526123
4.000000,-6587.617676,27.025852,2182.061279
4.000000,-13418.132812,-1217.179077,2076.061279
4.000000,-4800.975098,-1275.519531,2176.061279
4.000000,-5386.724121,-868.534973,2274.061279
4.000000,-5909.280762,-1150.416748,2330.563965
4.000000,-9621.275391,87.938599,2383.638916
4.000000,-6691.993164,-218.753876,2270.061279
4.000000,-6553.580078,133.188293,2176.061279
4.000000,-5489.291992,144.265839,2476.061279
4.000000,-12355.280273,-1046.922729,2164.372803
4.000000,-11188.280273,30.745308,2147.268066
4.000000,-10946.528320,-1212.151001,2092.061279
4.000000,-4986.031250,87.938599,2259.447754
4.000000,-7155.744629,-1141.263794,2182.061279
4.000000,-10072.230469,-1277.080444,2182.061279
5.000000,-2169.280029,-381.004272,2241.334473
4.000000,-7197.153809,83.938599,2314.911865
4.000000,-8894.024414,-281.239014,2426.061279
4.000000,-13527.917969,-763.204590,2121.061279
4.000000,-6209.814941,-1212.061401,2221.479004
4.000000,-5845.608887,33.222309,2176.061279
5.000000,-2979.639404,16.358931,2182.061279
4.000000,-8940.083984,-921.820618,2274.061279
4.000000,-5311.405762,30.473747,2476.061279
5.000000,-4229.180664,-1216.061401,2403.927002
4.000000,-11188.280273,-622.928223,2114.657715
4.000000,-7823.599609,-1212.061401,2314.630127
4.000000,-9420.434570,15.938600,2180.118652
4.000000,-7013.522949,141.623123,2470.061279
4.000000,-12543.134766,-16.192663,2186.061279
4.000000,-4752.583496,87.938599,2346.480469
4.000000,-7935.598145,85.319473,2176.061279
5.000000,-2173.280029,-1129.761353,2357.127686
4.000000,-5457.421387,151.823227,2182.061279
4.000000,-5170.320312,-1212.061401,2308.987305
4.000000,-12126.337891,-25.688614,2180.061279
4.000000,-9516.333008,-1210.696167,2176.061279
4.000000,-5813.280762,-1150.212036,2406.626953
4.000000,-9865.549805,-1216.061401,2413.232910
4.000000,-13963.425781,-716.461792,2176.475098
4.000000,-9095.917969,25.485193,2176.061279
4.000000,-5648.760742,155.937866,2182.061279
4.000000,-13545.441406,-1212.061401,2123.757324
4.000000,-13401.580078,-1277.315796,2180.061279
4.000000,-9420.372070,87.938599,2351.072266
4.000000,-8466.266602,-1284.061401,2177.821045
4.000000,-8036.684082,88.854919,2176.061279
4.000000,-13428.141602,151.559692,2186.061279
5.000000,-1384.183594,-1216.061401,2219.517822
4.000000,-5516.531738,27.235737,2476.061279
4.000000,-9678.963867,83.938599,2250.269287
5.000000,-2392.738525,-1216.061401,2352.351562
4.000000,-12047.118164,-533.596497,2173.046143
4.000000,-12360.565430,153.906494,2092.061279
4.000000,-9384.093750,87.938599,2203.127197
5.000000,-3757.289551,-1216.061401,2391.089355
4.000000,-11569.710938,-1017.947388,2177.061279
4.000000,-7802.993164,83.938599,2389.310547
5.000000,-1078.078979,15.938600,2178.724609
5.000000,-3118.292236,-49.061401,2475.562012
4.000000,-8772.306641,83.938599,2366.945312
4.000000,-10410.868164,-1216.061401,2242.507324
4.000000,-4241.635254,-1161.454102,2182.061279
4.000000,-5873.249512,-1216.061401,2354.923584
4.000000,-7368.237793,-1216.061401,2233.542969
4.000000,-7814.995605,-1279.318604,2476.061279
4.000000,-6878.013672,-1197.496338,2176.061279
4.000000,-4594.648926,-1222.594482,2176.061279
4.000000,-11072.397461,87.938599,2161.868408
4.000000,-7321.528809,-1250.529663,2476.061279
5.000000,-3675.982666,-1275.170776,2470.061279
5.000000,-4292.065430,87.938599,2419.761963
5.000000,-1445.042969,-1150.683838,2182.061279
4.000000,-8596.708008,102.879517,2476.061279
5.000000,-3567.009277,67.926025,2182.061279
5.000000,-1042.691650,-1148.043701,2182.061279
4.000000,-11571.062500,-1186.025635,2198.468262
5.000000,-1372.759155,87.938599,2197.531738
4.000000,-13263.541992,36.255299,2186.061279
5.000000,-4142.197266,-577.438843,2426.033691
4.000000,-8576.132812,-1275.146973,2182.061279
4.000000,-11074.333008,45.263393,2092.061279
4.000000,-4893.509766,103.147560,2476.061279
5.000000,-2169.280029,-868.767090,2336.239746
5.000000,-2689.167969,112.153969,2448.409668
4.000000,-13506.982422,-802.572876,2188.726074
4.000000,-9008.107422,87.938599,2372.218506
4.000000,-10203.791016,-1194.628906,2282.451172
4.000000,-13939.600586,83.938599,2132.394043
4.000000,-8575.052734,-1212.061401,2296.625000
4.000000,-11573.280273,-1049.799072,2137.247314
4.000000,-8248.954102,-1212.061401,2415.497803
4.000000,-7859.517090,-1216.274658,2176.061279
4.000000,-11453.405273,42.043751,2200.680908
4.000000,-5453.279785,-498.132263,2312.465088
4.000000,-7986.558594,147.499390,2182.061279
4.000000,-10474.718750,-1162.061401,2385.074219
4.000000,-8948.280273,-16.980062,2333.980469
4.000000,-10530.604492,83.938599,2156.018066
4.000000,-10346.308594,-1216.061401,2151.228027
4.000000,-12935.188477,-654.872742,2186.061279
5.000000,-1427.280151,-1182.941162,2357.339600
4.000000,-9904.155273,87.938599,2406.923340
4.000000,-11222.397461,-423.805847,2174.061279
4.000000,-9687.945312,-1212.061401,2420.969971
5.000000,-4068.543945,-345.093719,2270.061279
4.000000,-5343.457031,83.938599,2352.570557
4.000000,-9454.204102,149.527481,2176.061279
4.000000,-6627.500488,-1243.362061,2176.061279
4.000000,-4908.731934,-1253.957642,2470.061279
5.000000,-3517.759521,119.385803,2470.061279
4.000000,-8389.465820,34.415104,2176.061279
4.000000,-12757.219727,142.762558,2086.061279
4.000000,-11502.992188,87.938599,2092.525146
5.000000,-2626.009033,-1212.061401,2309.089355
4.000000,-11667.714844,87.938599,2101.150391
5.000000,-3189.281006,-1161.314819,2213.798096
4.000000,-9906.958984,-1278.494263,2182.061279
4.000000,-6762.053711,-855.274597,2273.851074
4.000000,-5890.253906,-1159.322876,2476.061279
5.000000,-3083.966797,-12.443936,2476.061279
4.000000,-7899.623535,83.938599,2242.844727
4.000000,-13523.410156,-1217.945068,2186.061279
4.000000,-12447.014648,155.938599,2182.026855
4.000000,-6060.119629,87.938599,2329.482910
4.000000,-10432.733398,-1212.061401,2306.985107
5.000000,-3973.312500,-1239.714111,2176.061279
4.000000,-5417.428711,86.901253,2474.061279
4.000000,-8740.225586,155.938599,2181.770264
5.000000,-3523.673828,-1268.549683,2176.061279
4.000000,-10285.510742,-1195.267334,2476.061279
5.000000,-2169.280029,-0.197788,2282.794189
4.000000,-13414.471680,-776.017395,2080.018311
5.000000,-3696.536865,155.938599,2179.369629
4.000000,-12024.355469,-1247.507324,2092.061279
4.000000,-12025.520508,-1266.200928,2180.061279
4.000000,-13366.310547,-758.061401,2121.265625
5.000000,-1781.576172,83.938599,2228.340576
4.000000,-12793.835938,-809.813232,2180.061279
5.000000,-2902.500000,83.938599,2398.411621
5.000000,-1941.295166,-1212.061401,2306.541260
5.000000,-4103.986816,83.938599,2423.347168
4.000000,-9486.136719,-1258.880859,2176.061279
4.000000,-12826.203125,-504.669067,2180.061279
4.000000,-9269.444336,66.301476,2176.061279
4.000000,-12142.490234,-1254.646362,2086.061279
4.000000,-8720.180664,83.938599,2315.690430
4.000000,-10091.416016,104.527573,2176.061279
4.000000,-5429.776367,-31.645386,2274.061279
4.000000,-10457.780273,87.938599,2366.746826
4.000000,-8810.551758,-1212.061401,2223.723633
4.000000,-11737.996094,-260.889465,2176.061279
4.000000,-5516.435547,-1284.061401,2470.445801
4.000000,-5216.684082,15.938600,2473.248291
4.000000,-13864.910156,-734.061401,2189.395020
4.000000,-13179.091797,-745.702881,2186.310547
4.000000,-12186.258789,118.158356,2092.061279
4.000000,-10080.034180,153.551804,2470.061279
4.000000,-6581.621094,87.938599,2219.191650
4.000000,-5662.731934,-1274.919922,2476.061279
4.000000,-5809.280762,1.679885,2416.750000
4.000000,-8948.280273,-154.032104,2421.136963
5.000000,-1478.083008,83.938599,2367.326416
4.000000,-12849.726562,-315.729431,2186.061279
5.000000,-1561.738525,83.938599,2366.279541
4.000000,-6757.719727,-772.874878,2270.473877
4.000000,-5711.241699,143.943481,2176.061279
4.000000,-12586.973633,-806.610657,2180.061279
4.000000,-5445.524902,-735.704224,2270.085449
4.000000,-14124.666992,83.938599,2147.633301
5.000000,-1915.064087,-1217.896851,2176.061279
4.000000,-9090.459961,-1216.061401,2431.120605
4.000000,-12043.280273,-635.503418,2098.769775
4.000000,-9315.559570,-1146.021973,2470.061279
4.000000,-13552.375000,-319.582581,2183.060303
4.000000,-13644.101562,16.671173,2092.061279
4.000000,-10669.337891,155.103790,2275.639648
4.000000,-6763.279785,-320.605682,2380.932617
4.000000,-7366.646484,20.435139,2470.061279
4.000000,-5448.301758,-932.823853,2275.507324
4.000000,-4525.742676,-1218.726685,2176.061279
4.000000,-5453.279785,-389.979736,2393.441162
4.000000,-11734.487305,-1144.061401,2087.683838
4.000000,-13652.398438,-1283.526733,2186.061279
4.000000,-11082.964844,83.938599,2168.767334
4.000000,-13318.696289,-1144.061401,2086.762695
4.000000,-11998.280273,-1089.216309,2173.635986
4.000000,-8607.750000,-1216.061401,2243.989258
4.000000,-11592.170898,-1376.061401,2081.452393
4.000000,-13433.985352,-103.609322,2076.061279
5.000000,-955.336426,27.092878,2182.061279
5.000000,-2095.280029,-559.436218,2234.097412
4.000000,-10956.908203,-727.511353,2176.061279
4.000000,-10683.197266,-1236.549927,2270.096436
4.000000,-7741.088867,87.938599,2211.735107
4.000000,-6820.918457,-1212.061401,2255.073730
4.000000,-11971.477539,-1006.724182,2180.061279
4.000000,-6759.279785,-446.532654,2405.396973
4.000000,-5457.279785,0.541962,2312.743652
4.000000,-12946.400391,-673.798584,2140.061279
5.000000,-2258.471680,-1274.231934,2414.512939
4.000000,-13074.766602,-143.306183,2186.061279
4.000000,-13461.309570,-563.913452,2081.061279
5.000000,-2951.309326,26.399817,2475.059082
5.000000,-3314.650391,29.725958,2471.187744
5.000000,-2107.964355,-950.707703,2235.061279
5.000000,-2884.734619,-1275.339233,2182.061279
4.000000,-9428.774414,-1152.036377,2476.061279
4.000000,-13156.439453,-1216.061401,2123.926025
4.000000,-11433.816406,88.393311,2092.061279
5.000000,-2064.265625,-1216.061401,2297.802246
5.000000,-4139.279785,-849.100647,2331.903076
4.000000,-11463.994141,-1147.682617,2086.061279
5.000000,-1676.820801,-1208.441040,2182.061279
4.000000,-5402.526855,-72.023567,2430.061279
5.000000,-4143.279785,-169.032623,2420.563965
5.000000,-4139.279785,-119.818245,2373.951660
4.000000,-14088.510742,-1212.061401,2153.252686
4.000000,-13472.228516,-319.595947,2188.469971
4.000000,-13746.253906,95.393845,2092.061279
4.000000,-12028.353516,-1030.729248,2179.159180
4.000000,-8660.755859,-1254.230103,2470.061279
4.000000,-6376.222656,-1212.061401,2296.629883
4.000000,-4974.001953,-1183.871582,2176.061279
4.000000,-10360.644531,-1199.931519,2476.061279
4.000000,-8589.916016,-1267.486450,2470.061279
4.000000,-11383.688477,-1284.061401,2205.799805
4.000000,-6686.669434,-430.069489,2430.061279
5.000000,-2863.359863,67.493385,2176.061279
4.000000,-12925.482422,-551.942749,2076.061279
4.000000,-13413.280273,-1021.816162,2119.368164
4.000000,-6282.252930,20.289375,2182.061279
4.000000,-10616.042969,148.557144,2329.873291
4.000000,-6006.808105,79.770874,2470.061279
4.000000,-9728.818359,-1229.077637,2176.061279
4.000000,-13962.916992,-984.077393,2081.769531
4.000000,-4484.360840,27.873325,2476.061279
4.000000,-6493.053223,148.507797,2176.061279
4.000000,-4852.164551,-1255.365479,2476.061279
4.000000,-10674.374023,-138.508301,2079.922119
4.000000,-6242.489258,125.262665,2476.061279
5.000000,-2745.458984,21.863207,2458.858398
4.000000,-4501.982910,83.938599,2222.292480
4.000000,-11549.259766,-862.516968,2174.061279
4.000000,-6603.279785,123.358681,2269.943604
4.000000,-12944.661133,-1258.277100,2186.061279
4.000000,-10725.280273,-771.376648,2174.138916
4.000000,-8856.276367,-1216.061401,2464.822266
4.000000,-5438.119629,-459.356049,2430.061279
5.000000,-2153.833252,-637.353821,2391.061279
5.000000,-2517.728271,-1212.061401,2387.031494
5.000000,-3222.729736,-1212.061401,2402.055420
4.000000,-5700.280762,-1190.842163,2182.061279
4.000000,-8944.280273,-702.479431,2278.462891
4.000000,-8948.280273,-252.579956,2324.576904
5.000000,-2623.990234,71.665619,2449.298584
5.000000,-3989.280029,-1166.335693,2346.423828
5.000000,-3194.252441,87.938599,2428.821289
4.000000,-8944.280273,-1082.131104,2418.447266
4.000000,-5128.167480,-1216.061401,2339.866943
4.000000,-6763.229980,-672.969604,2277.554199
4.000000,-13891.488281,-802.840088,2185.558350
5.000000,-3699.695312,87.938599,2237.065186
4.000000,-6587.351074,-1212.061401,2366.197754
4.000000,-7459.153809,-1239.696533,2182.061279
4.000000,-13111.280273,-35.490158,2111.439941
5.000000,-2085.343994,27.560987,2410.061279
4.000000,-6899.063965,87.938599,2225.145996
4.000000,-10363.710938,85.036247,2124.393311
5.000000,-2809.508301,-1212.265625,2463.899170
4.000000,-13418.280273,15.504065,2125.242432
5.000000,-1789.920044,-1150.170776,2176.061279
4.000000,-4702.859375,-1216.061401,2347.997803
4.000000,-8878.096680,-589.215210,2426.061279
4.000000,-12542.452148,-447.990204,2076.149658
5.000000,-3933.220459,21.977514,2476.061279
4.000000,-5081.901855,83.938599,2329.129395
4.000000,-9040.260742,-1216.061401,2232.896240
5.000000,-1282.042480,-1212.061401,2310.411865
4.000000,-5805.430176,33.423504,2470.061279
4.000000,-10455.292969,83.938599,2418.059326
4.000000,-10454.463867,-1003.695129,2180.061279
4.000000,-12891.032227,-364.061401,2121.049316
4.000000,-9800.483398,-1212.061401,2385.851318
5.000000,-998.423523,152.281174,2182.061279
4.000000,-5325.839844,-1212.061401,2242.637451
4.000000,-9256.819336,-1212.061401,2183.907715
4.000000,-7655.386719,120.584465,2470.061279
4.000000,-7499.480957,-1145.055664,2470.061279
5.000000,-1421.280151,120.316063,2349.000977
4.000000,-7714.108887,-1212.061401,2351.078369
5.000000,-3796.068604,87.938599,2374.291504
5.000000,-2173.280029,-993.190796,2252.147705
4.000000,-12922.638672,-313.396912,2081.593994
4.000000,-5816.083496,114.671852,2476.061279
4.000000,-7854.798828,142.656372,2176.061279
4.000000,-6707.568848,-205.882645,2430.061279
4.000000,-9181.028320,-1216.061401,2219.813721
4.000000,-8128.695312,-1165.987671,2176.061279
4.000000,-5435.579590,-1216.061401,2247.613037
4.000000,-10946.877930,-432.865570,2176.148193
4.000000,-10030.131836,83.938599,2378.595947
4.000000,-10915.621094,-785.110107,2179.810059
5.000000,-3699.498779,83.938599,2461.007080
4.000000,-5936.713379,26.626181,2176.061279
4.000000,-7704.468750,-1281.869751,2176.061279
4.000000,-10606.555664,-1196.614380,2092.061279
4.000000,-13885.999023,122.162399,2186.061279
4.000000,-12704.844727,-761.988281,2186.061279
4.000000,-12666.185547,-358.336365,2186.061279
4.000000,-8947.563477,-994.143066,2274.767578
4.000000,-4378.225098,-1212.061401,2269.628174
4.000000,-11909.454102,108.415192,2086.061279
4.000000,-11225.927734,-155.463425,2174.061279
4.000000,-12906.030273,-1278.070557,2092.061279
4.000000,-13044.350586,-555.043091,2186.061279
4.000000,-9275.455078,-1212.061401,2408.666992
4.000000,-10033.806641,53.699070,2176.061279
4.000000,-11532.852539,-209.774979,2177.061279
4.000000,-9814.949219,22.176634,2470.061279
4.000000,-13349.317383,21.063774,2180.061279
5.000000,-4067.439209,-177.120193,2430.061279
4.000000,-7826.676758,15.969400,2182.061279
4.000000,-14232.397461,113.734886,2086.061279
4.000000,-5427.751953,-443.030640,2270.061279
5.000000,-1604.124634,92.044708,2176.061279
4.000000,-12797.898438,-227.265442,2180.061279
4.000000,-12808.751953,45.410732,2180.061279
4.000000,-12460.325195,-541.807800,2186.061279
4.000000,-6669.487793,15.938600,2471.785645
4.000000,-11388.012695,-1216.061401,2164.514648
4.000000,-11144.834961,-489.644470,2076.061279
4.000000,-8885.224609,-520.854736,2430.061279
4.000000,-13973.750000,-648.289673,2172.061279
4.000000,-6759.279785,-889.846252,2352.353516
5.000000,-2169.280029,-924.723145,2374.056641
4.000000,-6709.418457,-74.020950,2430.061279
4.000000,-9047.103516,87.938599,2235.090332
4.000000,-12539.208008,-822.673340,2180.061279
4.000000,-8872.863281,-519.570801,2274.061279
4.000000,-12615.066406,-1267.942261,2086.061279
5.000000,-3244.732910,129.831375,2182.061279
4.000000,-12384.402344,-210.913635,2186.061279
4.000000,-12468.106445,-1080.242798,2180.061279
4.000000,-8595.618164,86.911064,2400.942139
4.000000,-4582.441895,-1239.760864,2470.061279
4.000000,-9255.382812,87.938599,2352.273682
4.000000,-5293.279785,-1164.056763,2208.272217
4.000000,-10204.108398,87.938599,2409.725098
4.000000,-12551.739258,-450.285370,2085.750244
4.000000,-6883.986816,-1266.665649,2176.061279
4.000000,-7255.806152,-1209.947510,2476.061279
4.000000,-7238.221191,-1272.911987,2476.061279
4.000000,-9909.313477,58.440807,2176.061279
4.000000,-13339.558594,133.812164,2092.061279
4.000000,-12947.518555,-1114.185303,2076.061279
4.000000,-12509.598633,51.219765,2186.061279
4.000000,-13922.451172,-569.967407,2076.061279
5.000000,-3788.294434,-1144.061401,2179.015381
4.000000,-9188.075195,51.817074,2476.061279
5.000000,-2154.658691,-251.988113,2387.061279
5.000000,-2354.196045,-1148.901611,2422.046631
4.000000,-7180.593262,87.938599,2420.664795
4.000000,-10661.692383,19.865656,2291.979492
4.000000,-6242.799805,81.615891,2182.061279
4.000000,-13298.254883,-758.061401,2123.064697
4.000000,-10600.217773,39.512264,2086.061279
4.000000,-6759.279785,-383.764160,2339.095215
4.000000,-10067.311523,-1212.061401,2260.514893
4.000000,-8601.109375,-1216.061401,2364.816162
4.000000,-11576.280273,-758.676086,2126.949219
5.000000,-4139.279785,-338.164185,2378.548096
4.000000,-8870.280273,-965.900635,2428.617432
4.000000,-6759.279785,-539.962585,2335.285645
5.000000,-2972.658936,87.938599,2231.631104
4.000000,-11700.378906,-856.220642,2176.061279
5.000000,-2391.883057,87.938599,2340.418945
4.000000,-6183.364258,-1272.462524,2182.061279
4.000000,-10042.577148,87.938599,2395.894287
5.000000,-2173.280029,-111.348396,2333.415283
4.000000,-7565.370117,83.938599,2224.219727
4.000000,-11230.394531,-1106.576538,2174.061279
4.000000,-10678.280273,-845.441223,2112.153809
5.000000,-2171.653809,-572.856689,2387.862061
5.000000,-2102.453369,-696.655396,2231.061279
4.000000,-13963.280273,-1057.388306,2127.101807
5.000000,-3297.350830,87.938599,2352.036621
4.000000,-6568.791016,83.938599,2296.466797
4.000000,-13969.786133,-1216.061401,2106.746094
5.000000,-3427.232422,22.734335,2182.061279
5.000000,-3189.281006,-1138.752319,2325.206299
4.000000,-12658.001953,-806.248413,2180.061279
4.000000,-5755.027344,-1144.061401,2177.921875
4.000000,-6020.976074,-1216.061401,2234.730957
4.000000,-12915.802734,-427.686737,2081.828369
4.000000,-5238.337891,28.210730,2176.061279
4.000000,-12641.889648,-1284.061401,2183.528076
4.000000,-9062.842773,-1205.891235,2176.061279
4.000000,-8836.339844,-1216.082886,2176.061279
4.000000,-4746.499023,87.938599,2217.642822
5.000000,-2995.497803,-1085.930420,2392.061279
4.000000,-6785.659668,-1146.265747,2476.061279
4.000000,-6609.279785,49.674416,2244.612305
4.000000,-12996.569336,-854.820740,2186.061279
5.000000,-3053.270996,117.623703,2476.061279
4.000000,-8943.893555,-681.766602,2429.176025
4.000000,-12361.280273,-94.507240,2105.656006
4.000000,-13963.280273,-13.445951,2117.188721
4.000000,-12304.280273,-564.164917,2115.383057
4.000000,-12833.022461,-558.163452,2164.468262
5.000000,-1883.751099,21.851566,2176.061279
4.000000,-4816.575684,154.299973,2182.061279
4.000000,-9657.198242,-1144.061401,2177.845459
4.000000,-7923.770508,152.387268,2182.061279
4.000000,-8944.280273,-529.305054,2371.118652
4.000000,-12445.611328,-219.653275,2180.061279
4.000000,-13249.222656,87.938599,2141.752686
5.000000,-3609.286377,87.938599,2468.513428
5.000000,-3843.444824,87.938599,2227.379395
4.000000,-5375.279785,-653.207214,2270.171875
4.000000,-12739.590820,-528.175842,2205.785156
4.000000,-9892.782227,83.938599,2313.647217
4.000000,-13021.603516,24.112305,2092.061279
4.000000,-10628.280273,-762.426270,2076.325928
4.000000,-6689.416992,-728.118469,2270.061279
4.000000,-11763.261719,-1156.314209,2180.061279
4.000000,-13728.506836,150.657608,2186.061279
4.000000,-7973.498535,-1268.199463,2176.061279
5.000000,-3191.048584,-1247.950195,2476.061279
4.000000,-9305.947266,-1212.061401,2468.917480
4.000000,-13365.881836,63.102337,2086.061279
4.000000,-5447.090820,-34.931561,2429.833252
4.000000,-8948.280273,-1047.942749,2281.337646
4.000000,-11609.730469,-159.908340,2076.061279
4.000000,-12898.432617,-708.206238,2180.061279
4.000000,-13934.349609,-1370.045288,2076.061279
5.000000,-3568.639404,-1216.061401,2369.298828
5.000000,-4139.279785,-1198.928101,2333.067627
4.000000,-12432.011719,69.899162,2186.061279
4.000000,-13100.137695,-6.021897,2185.964600
5.000000,-1106.411133,87.938599,2249.795166
5.000000,-3139.809814,117.844177,2476.061279
4.000000,-6950.512695,-1236.780151,2176.061279
4.000000,-8328.969727,-1212.061401,2196.454346
5.000000,-3817.360352,-1212.061401,2413.499512
5.000000,-2859.011963,-1284.061401,2467.257812
4.000000,-6685.996094,-904.577576,2270.061279
5.000000,-2173.280029,-322.540253,2380.709229
5.000000,-3433.304199,153.603012,2182.061279
4.000000,-12746.750000,-589.968933,2142.061279
4.000000,-8706.948242,-1160.762939,2176.061279
4.000000,-13130.997070,62.889709,2086.061279
4.000000,-12781.032227,-12.061400,2181.569336
5.000000,-3363.878418,-1212.061401,2425.116455
5.000000,-1134.850098,87.938599,2363.302002
5.000000,-3392.522217,-1216.061401,2366.143066
4.000000,-14083.245117,-1282.116943,2186.061279
4.000000,-11050.998047,-426.681488,2177.307861
5.000000,-2690.936279,-1164.294189,2448.548828
4.000000,-9132.571289,-1216.061401,2319.308838
4.000000,-6475.901855,-1212.061401,2350.474854
4.000000,-12914.912109,-658.950684,2085.057129
4.000000,-10616.496094,-969.982056,2177.307129
4.000000,-6923.376953,143.726471,2176.061279
4.000000,-10704.891602,83.938599,2174.574219
4.000000,-11618.041992,-58.841137,2086.061279
4.000000,-12406.478516,-769.219238,2180.061279
4.000000,-12267.159180,28.541006,2186.061279
4.000000,-8331.643555,-1216.061401,2329.930176
4.000000,-4749.131836,83.938599,2281.973877
4.000000,-6506.353027,77.899216,2470.061279
4.000000,-10985.216797,83.938599,2187.809814
5.000000,-3312.994873,87.938599,2261.136230
4.000000,-4603.280762,-1143.163940,2413.068359
5.000000,-3353.900635,87.938599,2354.221680
4.000000,-7660.496094,142.262817,2176.061279
5.000000,-3279.703125,-1117.352905,2470.061279
4.000000,-14212.824219,-1207.999390,2184.636719
4.000000,-13189.922852,132.345642,2180.061279
5.000000,-1742.085571,-1212.061401,2237.393799
4.000000,-6210.724121,-1240.733765,2476.061279
4.000000,-13009.477539,-1144.061401,2088.179199
4.000000,-13347.470703,-734.061401,2185.355469
4.000000,-5843.017090,-1216.061401,2246.886719
5.000000,-4147.279785,-10.932026,2272.744629
4.000000,-6200.525879,-1283.531372,2176.061279
5.000000,-1740.455811,43.022881,2416.061279
4.000000,-10248.673828,-1283.590820,2158.338867
4.000000,-11843.387695,-981.342041,2180.061279
4.000000,-11138.280273,-1153.340332,2081.180420
4.000000,-10404.368164,154.889709,2476.061279
4.000000,-6685.279785,-256.886292,2426.681885
4.000000,-7350.908203,-1149.699585,2476.061279
4.000000,-9917.083008,-1212.061401,2344.959717
5.000000,-3414.479736,-1216.061401,2293.790771
4.000000,-8983.275391,-1262.548096,2476.061279
4.000000,-5097.566406,-1212.061401,2210.754150
4.000000,-12005.681641,-1212.061401,2152.704102
4.000000,-9620.810547,83.938599,2388.051514
4.000000,-13568.820312,-364.061401,2121.126465
4.000000,-12501.780273,-182.619278,2078.706787
4.000000,-4754.625488,83.188599,2474.875732
4.000000,-11065.433594,-1184.287354,2086.061279
4.000000,-10675.280273,-1110.782715,2125.914795
4.000000,-5415.191895,87.938599,2269.335205
4.000000,-10496.060547,15.938600,2460.303955
5.000000,-4077.950439,-912.841553,2270.061279
4.000000,-12887.924805,-542.049500,2135.239746
4.000000,-12581.896484,-961.671265,2136.241943
5.000000,-2110.271973,-626.009705,2235.061279
4.000000,-6378.867676,87.938599,2271.576172
4.000000,-4651.750488,119.701508,2476.061279
4.000000,-13171.865234,-807.704712,2186.257324
4.000000,-11471.859375,-688.881470,2176.061279
4.000000,-5954.449707,-1145.320190,2176.061279
4.000000,-9771.393555,155.938599,2473.301025
4.000000,-10237.142578,5.781610,2179.221680
5.000000,-2848.179932,140.400223,2176.061279
4.000000,-5994.365234,140.345001,2176.061279
5.000000,-3094.446533,-1094.087402,2476.061279
4.000000,-4879.936035,-1190.675171,2476.061279
4.000000,-7913.142090,83.938599,2458.972168
4.000000,-4503.280762,-1158.452637,2328.492920
5.000000,-3839.803955,-1188.562378,2176.061279
5.000000,-1940.809448,23.290703,2176.061279
4.000000,-6757.041504,-876.203918,2429.863281
5.000000,-2967.647217,-1274.584351,2470.061279
4.000000,-5779.548340,83.938599,2469.129639
4.000000,-6603.279785,-1253.664307,2330.984863
5.000000,-4332.814941,95.082474,2476.061279
4.000000,-7718.045410,-1216.061401,2404.778564
5.000000,-3859.232910,146.104584,2470.061279
4.000000,-6763.279785,37.102386,2283.621826
4.000000,-11203.443359,-951.290771,2174.061279
4.000000,-13912.025391,-758.061401,2159.264648
4.000000,-6662.288086,-1284.061401,2472.086182
5.000000,-4124.295898,-955.690063,2430.061279
5.000000,-1053.462524,74.414772,2182.061279
5.000000,-2173.280029,-338.372772,2284.946045
4.000000,-14112.288086,149.909317,2086.061279
4.000000,-6687.831543,-429.928192,2430.061279
5.000000,-2121.182861,-1280.418091,2176.061279
4.000000,-10545.387695,-1160.111084,2410.332764
4.000000,-4885.216309,-1278.318237,2182.061279
5.000000,-3498.915039,-1144.653076,2476.061279
4.000000,-10707.197266,12.266937,2177.061279
4.000000,-14002.717773,-150.856949,2177.061279
5.000000,-995.871765,83.938599,2187.977051
4.000000,-7445.659180,155.938599,2475.205078
5.000000,-1910.617188,118.681961,2176.061279
5.000000,-2169.280029,-373.177551,2340.395020
5.000000,-1423.882446,-1146.131958,2411.518066
5.000000,-3521.595459,-1212.061401,2243.354004
4.000000,-11982.717773,15.938600,2087.551270
4.000000,-13718.832031,-738.301514,2190.286621
5.000000,-2851.794434,66.957954,2467.227051
5.000000,-2131.669922,-20.964346,2387.061279
4.000000,-8993.473633,-1144.061401,2178.762451
4.000000,-4547.789551,-1212.061401,2439.570312
4.000000,-9111.776367,-1212.061401,2241.926025
4.000000,-6174.375977,-1172.300293,2476.061279
4.000000,-13958.510742,-640.425659,2170.518555
4.000000,-10541.184570,-1144.061401,2090.127441
4.000000,-11148.187500,-613.697632,2176.061279
4.000000,-13958.280273,-78.038239,2125.927246
4.000000,-4117.462891,-710.441956,2274.061279
5.000000,-1167.428345,87.938599,2286.253174
4.000000,-14273.770508,-1159.531006,2172.512207
4.000000,-9625.811523,-1144.566406,2470.061279
4.000000,-5299.279785,130.202866,2387.590820
4.000000,-9449.914062,-1212.061401,2279.571777
4.000000,-12551.099609,-997.835327,2082.653320
4.000000,-8948.280273,-944.423279,2378.563721
4.000000,-11550.724609,-452.941772,2174.061279
4.000000,-7274.197266,-1126.634155,2182.061279
4.000000,-12551.776367,60.697113,2076.061279
4.000000,-9174.395508,-1258.947144,2182.061279
4.000000,-8508.207031,-1212.061401,2301.515625
5.000000,-1113.037598,73.626518,2182.061279
4.000000,-10132.003906,-1212.061401,2243.342773
4.000000,-9843.889648,-1216.061401,2347.312988
4.000000,-6701.714355,-650.124268,2274.061279
4.000000,-9260.756836,117.948730,2182.061279
4.000000,-9730.566406,-1160.230103,2182.061279
4.000000,-5488.040527,-1212.061401,2220.358398
4.000000,-13413.280273,13.634109,2125.741455
4.000000,-8413.338867,87.938599,2229.063721
4.000000,-11323.385742,-655.228271,2176.061279
4.000000,-5387.975098,-586.726624,2270.061279
4.000000,-10823.964844,-1216.061401,2189.788818
5.000000,-2007.964355,15.938600,2410.787354
4.000000,-13138.089844,-1266.565063,2086.061279
4.000000,-4965.660645,145.394119,2470.061279
4.000000,-5809.280762,-1139.806274,2341.119141
4.000000,-9844.644531,-1265.736084,2176.061279
4.000000,-13392.199219,-580.087402,2172.061279
4.000000,-14013.107422,-1216.061401,2156.602295
4.000000,-7189.541504,7.032976,2182.061279
4.000000,-8409.059570,-1212.061401,2417.332520
4.000000,-12956.579102,-617.041626,2076.061279
4.000000,-11185.280273,-344.413757,2097.841309
4.000000,-6763.279785,-86.237000,2371.504883
4.000000,-13724.661133,88.888054,2180.061279
4.000000,-5971.818848,87.938599,2401.780762
4.000000,-12093.280273,-1210.083008,2079.106689
4.000000,-10623.533203,99.043907,2336.518066
4.000000,-8951.021484,-1211.490845,2476.061279
4.000000,-9722.025391,-1183.054688,2476.061279
4.000000,-5453.279785,-717.977600,2287.240723
4.000000,-11576.280273,-358.163422,2114.755127
5.000000,-3463.272217,17.806631,2476.061279
4.000000,-12669.333008,140.325211,2086.061279
5.000000,-3758.392090,140.387543,2182.061279
5.000000,-1810.382202,47.308113,2182.061279
5.000000,-2087.956543,83.938599,2367.600342
4.000000,-11905.785156,145.268417,2180.061279
4.000000,-9220.132812,-1212.061401,2391.443359
4.000000,-5803.093750,155.938599,2177.443604
4.000000,-11943.988281,-1273.985229,2092.061279
4.000000,-6505.343750,-1277.073242,2470.061279
4.000000,-10675.280273,-743.996765,2152.360596
4.000000,-9778.028320,-1212.061401,2333.079834
5.000000,-3925.685303,-1216.061401,2222.528809
4.000000,-5909.280762,-14.251137,2401.368652
4.000000,-13335.293945,-752.264404,2187.461182
4.000000,-6886.190918,18.428982,2176.061279
5.000000,-3975.719727,-1150.176147,2182.061279
4.000000,-13599.569336,153.695023,2186.061279
4.000000,-5960.351074,87.938599,2387.175781
4.000000,-5875.176270,42.625767,2476.061279
4.000000,-14004.078125,-848.102295,2172.061279
4.000000,-12151.712891,135.057831,2186.061279
5.000000,-2050.795166,-1284.061401,2178.073975
4.000000,-4789.107422,-1267.234619,2470.061279
4.000000,-12462.532227,-38.014343,2143.793945
4.000000,-13078.809570,-1284.061401,2087.895264
4.000000,-8888.091797,-601.435120,2274.061279
4.000000,-12506.549805,-560.363953,2081.061279
4.000000,-4154.257324,127.360405,2182.061279
4.000000,-4641.620605,-1212.061401,2318.190674
4.000000,-12283.178711,84.624680,2180.061279
4.000000,-5621.650391,83.938599,2257.216064
5.000000,-2173.280029,-811.595154,2323.996826
4.000000,-6713.805176,-468.653564,2274.061279
4.000000,-13958.280273,-854.308960,2130.712158
4.000000,-7215.438477,146.298630,2470.061279
4.000000,-6698.934570,-1135.626709,2274.061279
4.000000,-6549.773438,-1161.063599,2476.061279
4.000000,-12977.936523,-713.317200,2186.061279
4.000000,-13105.280273,-1159.342407,2134.825928
4.000000,-11096.500977,37.253510,2231.652832
4.000000,-11033.713867,82.278702,2230.028809
5.000000,-2802.148438,85.405434,2182.061279
5.000000,-2910.325439,-1244.438599,2465.814941
4.000000,-12782.172852,-540.544678,2153.245605
4.000000,-13372.130859,-1047.441650,2177.061279
5.000000,-2442.372070,83.938599,2378.947998
4.000000,-13958.280273,-465.853302,2105.207275
4.000000,-14034.887695,153.709686,2180.061279
4.000000,-8278.011719,-1159.073730,2182.061279
5.000000,-3669.738525,83.938599,2408.634766
5.000000,-3558.281982,-1198.815308,2476.061279
5.000000,-3005.921875,-1216.061401,2241.868164
4.000000,-5452.101562,-838.364258,2426.203125
4.000000,-14066.767578,83.938599,2154.367920
5.000000,-1787.283569,-1212.061401,2287.786865
4.000000,-4871.822266,87.938599,2302.210449
4.000000,-6386.921387,-1179.400024,2176.061279
4.000000,-7165.812500,-1293.750000,2176.061279
4.000000,-10029.497070,148.017792,2476.061279
4.000000,-13300.920898,-388.702454,2187.208008
4.000000,-13181.260742,24.516542,2092.061279
4.000000,-12521.526367,-761.840393,2186.061279
4.000000,-11186.268555,154.215454,2225.375732
4.000000,-11992.839844,87.266045,2186.061279
4.000000,-10444.887695,116.923920,2476.061279
4.000000,-12408.899414,-1144.061401,2181.166748
4.000000,-11802.316406,-1159.831787,2092.061279
4.000000,-13413.280273,-474.822845,2112.747559
4.000000,-13038.528320,152.129364,2186.061279
4.000000,-6689.053223,-138.544052,2426.061279
4.000000,-9673.560547,39.161373,2476.061279
4.000000,-13162.280273,-81.141655,2110.058594
4.000000,-8948.280273,-551.017456,2298.753662
4.000000,-11577.048828,-1362.084961,2076.061279
4.000000,-12923.069336,-1008.827393,2186.061279
4.000000,-13637.244141,-364.061401,2130.103027
4.000000,-13848.781250,-1144.235596,2186.061279
4.000000,-5135.749023,87.938599,2355.848877
4.000000,-12995.915039,-260.564392,2135.061279
4.000000,-8784.710938,87.938599,2209.056641
4.000000,-7904.519043,-1212.061401,2343.584229
5.000000,-3646.215820,83.938599,2346.972900
4.000000,-9198.333008,-1266.695068,2476.061279
4.000000,-7860.125000,-1216.061401,2238.701416
4.000000,-4991.948730,-1216.061401,2383.038086
4.000000,-4836.852539,-1144.061401,2470.552246
4.000000,-12599.741211,-1236.261230,2186.061279
4.000000,-13210.854492,-387.096008,2186.544434
4.000000,-5556.505371,-1212.061401,2245.612305
4.000000,-13836.184570,-324.439697,2191.151123
4.000000,-5468.308105,83.938599,2458.883789
4.000000,-12464.050781,-851.549866,2141.320801
5.000000,-2124.104980,87.938599,2222.177490
4.000000,-12155.717773,-1198.777344,2092.061279
4.000000,-11397.805664,104.342072,2204.568848
4.000000,-12077.252930,-1276.087524,2086.061279
4.000000,-13578.622070,-1190.529785,2086.061279
4.000000,-6208.842773,83.938599,2255.199707
4.000000,-6763.279785,-232.990067,2332.726074
4.000000,-6150.181152,-1212.061401,2329.431641
4.000000,-11673.825195,-1216.061401,2142.401855
5.000000,-1110.026611,87.938599,2317.010254
5.000000,-4215.963867,87.938599,2300.423340
5.000000,-4166.044922,83.938599,2369.946289
4.000000,-13176.621094,-1273.628540,2180.061279
4.000000,-4143.279785,-1170.210693,2295.046631
4.000000,-5148.885742,-1216.061401,2227.141357
4.000000,-9362.025391,87.938599,2352.377197
4.000000,-9340.769531,24.825209,2182.061279
4.000000,-11319.704102,-1212.061401,2156.995850
5.000000,-2890.806396,16.969862,2182.061279
4.000000,-5394.272949,-810.678894,2430.061279
4.000000,-8535.995117,83.938599,2428.335938
4.000000,-10558.875977,83.938599,2308.223145
4.000000,-5379.791504,-791.117920,2270.061279
4.000000,-7659.916992,-1212.061401,2381.086426
4.000000,-5387.437988,-497.408295,2270.061279
4.000000,-12258.251953,-1193.486938,2092.061279
4.000000,-6668.422852,83.938599,2251.944336
4.000000,-5293.279785,-1260.723389,2426.937500
4.000000,-4355.499023,83.938599,2418.571777
4.000000,-11138.280273,3.907536,2080.268799
5.000000,-2746.721924,150.812271,2452.939209
4.000000,-12957.307617,-363.475952,2186.061279
4.000000,-6196.260742,19.156879,2182.061279
5.000000,-1681.819580,87.938599,2315.073486
4.000000,-12231.144531,-1284.061401,2184.078857
4.000000,-13344.952148,-314.061401,2186.394287
4.000000,-12958.137695,-194.614990,2076.061279
5.000000,-3008.747803,87.938599,2295.414062
4.000000,-12354.798828,-938.647339,2091.445801
5.000000,-4285.654785,142.983292,2476.061279
5.000000,-2216.187988,-1230.978760,2176.061279
4.000000,-7911.134766,-1212.061401,2279.720459
5.000000,-3346.976807,54.251476,2176.061279
4.000000,-7176.789551,-1216.061401,2184.680908
4.000000,-12794.772461,-598.234985,2173.861328
4.000000,-12748.376953,-1284.061401,2089.274902
4.000000,-13413.280273,-319.873138,2144.950684
4.000000,-7015.261719,-1216.061401,2371.492676
4.000000,-6621.934570,-1149.990967,2470.061279
5.000000,-3241.087646,83.938599,2392.544922
4.000000,-10678.280273,-86.748344,2148.302246
4.000000,-13616.669922,-1228.229370,2092.061279
4.000000,-8434.066406,-1216.061401,2342.573975
4.000000,-6443.310547,-1155.760498,2176.061279
4.000000,-8318.160156,83.938599,2284.828125
4.000000,-10058.479492,-1216.061401,2346.709473
4.000000,-12310.280273,-426.637115,2120.175049
4.000000,-12949.863281,-151.885925,2186.061279
4.000000,-5553.772949,87.938599,2371.165771
4.000000,-5452.470215,-1060.862061,2274.571533
4.000000,-4377.969727,-1212.061401,2254.061523
4.000000,-13105.280273,-111.215729,2104.387207
4.000000,-11963.160156,155.938599,2089.942383
4.000000,-8616.618164,146.627625,2176.061279
4.000000,-12649.727539,-984.061401,2129.552246
4.000000,-6699.728027,-650.674011,2274.061279
4.000000,-11059.174805,132.978851,2234.262939
4.000000,-13970.776367,-907.797058,2172.061279
4.000000,-7098.312012,80.550499,2470.061279
4.000000,-13967.645508,-1110.445557,2172.061279
4.000000,-4651.609375,83.938599,2222.950684
4.000000,-9991.017578,-1216.061401,2341.437256
4.000000,-13960.087891,106.975044,2186.061279
4.000000,-11980.179688,150.420822,2180.061279
4.000000,-8312.517578,137.760742,2176.061279
4.000000,-14026.541992,125.161491,2086.061279
4.000000,-10267.749023,25.987787,2476.061279
4.000000,-10223.417969,71.659096,2165.791504
5.000000,-1260.162109,25.327110,2176.061279
5.000000,-3271.539307,-1249.161133,2470.061279
4.000000,-8929.992188,-452.095734,2270.061279
5.000000,-2112.300537,-180.064621,2235.061279
5.000000,-2318.773438,-1216.061401,2340.812256
5.000000,-4102.858398,-1216.061401,2413.701904
4.000000,-4258.867676,82.622040,2182.061279
4.000000,-12945.650391,-1088.231934,2186.061279
5.000000,-3291.708252,23.646145,2254.718262
4.000000,-12953.215820,42.414219,2086.061279
4.000000,-11752.051758,-1208.525146,2086.061279
5.000000,-4034.384766,83.938599,2329.177002
4.000000,-10542.379883,-1156.336914,2413.393066
4.000000,-6784.724121,-1154.972656,2176.061279
4.000000,-9834.392578,-1216.061401,2225.920410
5.000000,-4022.521973,-1212.061401,2203.886719
4.000000,-12588.569336,-467.410553,2186.061279
4.000000,-11152.033203,-289.442230,2079.061279
4.000000,-12789.083984,-453.742462,2160.391602
4.000000,-4686.962891,-1205.984009,2182.061279
4.000000,-13019.956055,-1091.930664,2186.061279
4.000000,-10450.379883,87.938599,2186.330811
4.000000,-8865.402344,87.938599,2435.387207
4.000000,-8231.261719,-1216.061401,2415.210205
5.000000,-3941.937012,83.938599,2456.976807
4.000000,-13627.917969,-390.778900,2183.616699
4.000000,-12689.484375,-1121.160278,2180.061279
4.000000,-11547.357422,-1270.857910,2092.061279
5.000000,-3628.311523,-1169.624146,2470.061279
4.000000,-14176.503906,-1284.061401,2086.179443
5.000000,-3104.686523,-1216.061401,2319.773193
5.000000,-3986.787109,-1202.629395,2476.061279
4.000000,-12612.647461,-1169.208252,2086.061279
4.000000,-8503.347656,-1190.631470,2470.061279
4.000000,-11576.280273,-920.261597,2132.931396
4.000000,-4346.746094,-1283.346069,2176.061279
4.000000,-9055.063477,155.938599,2178.291016
4.000000,-10356.736328,25.431011,2120.195557
5.000000,-4065.280029,-1162.831543,2271.403809
4.000000,-9369.946289,142.291946,2470.061279
4.000000,-11883.522461,-1252.406006,2186.061279
4.000000,-9791.237305,-1254.229858,2182.061279
4.000000,-13369.422852,-1174.464722,2086.061279
4.000000,-11630.110352,136.596420,2188.324463
5.000000,-3193.281006,27.063551,2348.683838
4.000000,-12577.986328,-546.559875,2135.154297
5.000000,-2171.979004,-830.008423,2387.318604
4.000000,-5895.606445,87.938599,2232.245850
4.000000,-11140.697266,-653.170471,2079.061279
4.000000,-8944.280273,-640.062988,2401.828369
4.000000,-12506.634766,90.786301,2086.061279
5.000000,-3327.431885,-1164.307861,2476.061279
4.000000,-14298.861328,149.535553,2175.877930
4.000000,-10651.318359,-1163.327637,2180.518799
4.000000,-13958.280273,-693.633484,2084.252197
4.000000,-7756.558594,-1238.942383,2182.061279
4.000000,-4302.928711,-1144.061401,2180.986572
4.000000,-8125.843750,-1178.460571,2476.061279
4.000000,-9607.072266,-1209.320312,2176.061279
5.000000,-1421.280151,-1272.694092,2310.413086
5.000000,-4004.899414,100.526085,2476.061279
4.000000,-11305.115234,-583.736938,2176.192383
4.000000,-9643.862305,-1212.061401,2248.743164
4.000000,-8361.453125,-1144.061401,2179.793945
5.000000,-1058.625366,83.938599,2366.731689
4.000000,-8886.687500,19.317295,2176.061279
4.000000,-10810.596680,15.938600,2091.698242
4.000000,-7401.332031,-1258.024414,2176.061279
4.000000,-13922.637695,-426.383362,2076.061279
4.000000,-12751.065430,-1139.278320,2186.061279
4.000000,-11457.937500,-1272.839966,2086.061279
4.000000,-5038.260742,87.938599,2227.653564
4.000000,-5198.559082,83.938599,2248.151855
5.000000,-3571.150391,136.772339,2476.061279
4.000000,-6190.045410,15.938600,2473.598633
4.000000,-13162.184570,-1161.426636,2086.061279
4.000000,-12620.697266,-933.469788,2180.061279
4.000000,-11188.280273,-982.891479,2124.040039
4.000000,-8962.256836,83.938599,2246.276855
5.000000,-2096.361572,-385.138550,2235.061279
5.000000,-2236.486328,45.023613,2176.061279
4.000000,-9778.501953,-1216.061401,2270.782715
4.000000,-8596.984375,-1156.854980,2182.061279
5.000000,-4147.279785,-1119.785645,2334.333496
4.000000,-4724.317383,-1157.368164,2182.061279
4.000000,-8265.722656,-1212.061401,2279.247803
4.000000,-5448.853027,-866.340332,2270.936035
4.000000,-10678.280273,-318.793121,2156.142578
4.000000,-4366.025879,-1216.061401,2423.528076
4.000000,-8090.822754,125.512466,2176.061279
4.000000,-12054.387695,83.755661,2086.061279
5.000000,-4116.027832,-240.505173,2430.061279
4.000000,-13113.505859,-1214.795898,2086.061279
5.000000,-2109.740234,-1029.613525,2231.061279
4.000000,-14008.280273,-1079.173462,2175.850586
4.000000,-13303.385742,-388.652832,2181.226074
5.000000,-3912.085693,-1277.485840,2182.061279
5.000000,-4143.279785,-240.540131,2379.811523
4.000000,-12654.504883,-989.061401,2135.125000
4.000000,-4603.280762,-1144.191406,2337.149658
4.000000,-5499.164062,-1212.061401,2309.656250
4.000000,-9194.458008,15.938600,2181.384033
5.000000,-3989.280029,128.390976,2403.884033
4.000000,-11035.867188,153.871872,2092.061279
4.000000,-7743.847168,87.938599,2419.669678
4.000000,-6999.345215,-1216.061401,2445.493652
4.000000,-9910.318359,-1212.061401,2319.056885
4.000000,-4847.765137,146.730499,2470.061279
4.000000,-13964.962891,-514.886047,2176.852783
4.000000,-4860.509277,87.938599,2424.609619
4.000000,-5406.273926,-981.254700,2270.061279
4.000000,-11889.746094,-1169.237427,2186.061279
4.000000,-10388.351562,-1150.716431,2117.122314
5.000000,-3100.375244,22.635475,2182.061279
5.000000,-3418.325928,-1216.061401,2234.296875
4.000000,-5618.671387,74.241318,2176.061279
5.000000,-2859.636230,-1144.061401,2461.993652
4.000000,-8757.978516,-1216.061401,2403.418701
5.000000,-1057.172485,-1216.061401,2312.999268
4.000000,-5075.099121,124.835457,2182.061279
4.000000,-6340.433105,-1169.432617,2470.061279
4.000000,-7898.971680,-1155.772339,2470.061279
4.000000,-10598.076172,87.938599,2261.114014
4.000000,-6705.613770,-1047.838989,2430.061279
4.000000,-12066.030273,136.430832,2180.061279
4.000000,-8720.829102,-1284.061401,2474.856201
5.000000,-3416.949219,-1226.332153,2476.061279
4.000000,-13293.005859,-761.062439,2119.061279
4.000000,-13779.814453,-1144.801147,2180.061279
4.000000,-10676.567383,-377.764954,2174.729980
4.000000,-6763.279785,-768.643616,2325.768066
5.000000,-2154.093750,-505.760681,2391.061279
4.000000,-8496.715820,87.938599,2329.713379
4.000000,-10911.203125,-1255.314941,2092.061279
4.000000,-6263.183105,-1284.061401,2475.205566
4.000000,-9865.950195,27.319944,2182.061279
4.000000,-10642.503906,83.938599,2225.817871
4.000000,-12164.369141,35.417370,2086.061279
5.000000,-4052.870850,-1187.988525,2470.061279
4.000000,-4576.155762,-1216.061401,2322.153564
4.000000,-10441.019531,149.257523,2095.325195
4.000000,-5140.745605,87.938599,2287.049805
5.000000,-2735.213135,-1260.341553,2176.061279
4.000000,-4503.280762,62.396618,2420.091064
4.000000,-12597.686523,-341.093872,2180.061279
5.000000,-1907.048462,-1153.775513,2410.061279
5.000000,-1641.160645,-1212.061401,2333.763184
4.000000,-12566.176758,-608.184692,2135.061279
4.000000,-4236.909180,-1216.061401,2296.504639
4.000000,-12361.280273,-159.547501,2163.145508
5.000000,-2222.641357,83.938599,2320.349121
4.000000,-11455.299805,150.215744,2092.061279
4.000000,-10645.233398,-1366.056396,2076.061279
5.000000,-3341.274902,-1250.921509,2470.061279
4.000000,-4287.642090,-1216.061401,2286.314697
4.000000,-11027.774414,-1216.061401,2158.635498
5.000000,-4108.906250,-877.783142,2430.061279
5.000000,-3988.291504,-1146.312256,2182.061279
5.000000,-4143.279785,-701.520569,2393.614502
4.000000,-4573.826660,-1120.948975,2472.082275
4.000000,-12966.140625,-791.831360,2186.061279
4.000000,-5555.324219,-1216.061401,2446.530273
5.000000,-2994.280029,26.669514,2415.509766
4.000000,-11615.049805,-737.191711,2076.061279
5.000000,-1314.001221,69.264877,2176.061279
5.000000,-1998.383789,15.938600,2180.482422
4.000000,-13263.427734,-1268.239746,2186.061279
4.000000,-11465.238281,-1216.061401,2158.134766
4.000000,-13936.419922,-320.852997,2179.889160
4.000000,-8946.668945,-322.558289,2426.847168
5.000000,-4256.747559,72.728729,2476.061279
4.000000,-9891.941406,-1270.615112,2470.061279
4.000000,-4503.280762,-13.382043,2417.777832
4.000000,-11042.640625,22.032909,2229.404541
4.000000,-5395.011230,-221.379379,2274.061279
4.000000,-14265.569336,87.938599,2139.685059
4.000000,-6284.385254,87.938599,2291.839600
4.000000,-5453.279785,-370.939636,2297.988770
4.000000,-7654.652344,83.938599,2232.391357
4.000000,-13057.629883,87.938599,2168.988281
4.000000,-12189.118164,-1137.929077,2176.061279
5.000000,-3242.096191,70.331604,2176.061279
4.000000,-12837.786133,83.938599,2119.441406
5.000000,-1176.277344,-1146.169556,2176.061279
4.000000,-11573.415039,-1027.051392,2081.207275
4.000000,-13753.566406,-1276.269165,2180.061279
5.000000,-3650.724365,-1212.061401,2240.404053
4.000000,-10789.877930,-1252.231812,2257.103760
4.000000,-4572.093750,44.523331,2176.061279
4.000000,-11600.378906,-969.421082,2076.061279
4.000000,-11893.926758,-952.927429,2176.061279
5.000000,-1897.574951,-1216.061401,2363.394775
4.000000,-7358.171875,-1212.061401,2368.999268
5.000000,-3389.947998,84.351357,2470.061279
4.000000,-5697.164062,-1216.061401,2392.183350
4.000000,-8948.280273,-891.204956,2421.647949
5.000000,-2257.437500,147.187302,2176.061279
4.000000,-6603.279785,-1192.173340,2241.530273
5.000000,-2656.202148,-1212.061401,2381.651611
4.000000,-10410.313477,87.938599,2332.224609
4.000000,-9231.775391,87.938599,2417.259277
5.000000,-3620.083008,-1238.634277,2476.061279
4.000000,-7127.383789,-1212.061401,2297.980957
4.000000,-11187.833008,-553.229553,2079.906982
4.000000,-9314.833984,-1216.061401,2371.344971
4.000000,-7452.506348,-1216.061401,2318.913330
4.000000,-8877.211914,138.961609,2476.061279
4.000000,-12800.004883,-1278.411133,2092.061279
4.000000,-11201.223633,133.057800,2086.061279
5.000000,-1213.351440,-1266.853271,2176.061279
4.000000,-11879.609375,41.246639,2186.061279
4.000000,-12884.280273,-663.769836,2146.942627
4.000000,-9302.923828,-1154.689575,2182.061279
4.000000,-7112.810059,-1216.061401,2418.287109
5.000000,-1423.335205,154.011230,2410.647461
5.000000,-2316.174316,-1277.897339,2425.072998
4.000000,-5176.075684,-1151.765381,2470.061279
4.000000,-10673.572266,167.944534,2086.061279
4.000000,-12687.610352,46.963280,2180.061279
5.000000,-3641.666748,142.734070,2176.061279
5.000000,-2652.096680,-1165.286865,2182.061279
4.000000,-10490.977539,-1267.155518,2457.140381
4.000000,-10296.209961,-19.463957,2176.061279
4.000000,-6609.279785,-1167.311890,2313.574951
4.000000,-5379.192871,-560.948547,2426.061279
4.000000,-5668.844238,87.938599,2218.603760
5.000000,-1924.253052,-1268.218872,2410.061279
4.000000,-7703.760742,-1154.024780,2476.061279
4.000000,-4229.077148,-1212.061401,2225.484863
4.000000,-10473.862305,33.938599,2177.290283
4.000000,-13463.280273,-818.411194,2080.046387
5.000000,-2173.280029,-742.863220,2240.535889
4.000000,-12310.353516,-1074.954346,2101.595215
4.000000,-5453.279785,-426.776520,2337.579102
4.000000,-7520.418945,-1215.330444,2470.061279
5.000000,-4142.011230,-101.202927,2273.759766
5.000000,-4139.279785,-497.616455,2407.728027
4.000000,-12788.244141,155.938599,2184.855225
4.000000,-12359.649414,-484.167999,2183.294434
4.000000,-7735.647949,137.099487,2470.061279
4.000000,-12767.060547,-1048.767212,2186.061279
4.000000,-4599.280762,10.876424,2348.119873
5.000000,-3019.505371,-1212.061401,2429.462402
5.000000,-4068.591553,-764.575256,2274.061279
4.000000,-9990.566406,-1212.061401,2253.350098
4.000000,-12469.206055,-296.787140,2186.061279
4.000000,-5449.279785,-1047.637207,2338.697510
4.000000,-12714.016602,-1176.580322,2186.061279
4.000000,-11170.821289,-1373.913208,2086.061279
4.000000,-6925.201660,83.938599,2293.655762
5.000000,-2747.565186,87.938599,2450.995361
4.000000,-8221.618164,-1216.061401,2245.523193
4.000000,-6270.084961,-1265.579956,2182.061279
4.000000,-8382.666016,-1216.061401,2305.818359
5.000000,-2881.218994,83.938599,2334.479248
5.000000,-3857.314941,83.938599,2421.791016
4.000000,-12435.101562,-365.018036,2186.061279
4.000000,-13439.847656,234.685730,2086.061279
5.000000,-4081.021240,-128.634232,2274.061279
4.000000,-5811.833008,-1159.862549,2201.823730
4.000000,-12722.189453,-286.745026,2186.061279
4.000000,-11518.849609,-349.151672,2176.061279
4.000000,-9007.034180,15.938600,2473.442871
5.000000,-2564.603271,155.938599,2440.691650
4.000000,-7304.191406,-1147.447021,2470.061279
4.000000,-6885.478027,-1216.061401,2377.763184
4.000000,-12546.239258,-795.934448,2077.177246
4.000000,-5954.433105,-1212.061401,2196.148438
5.000000,-1802.984985,-1146.228760,2410.061279
4.000000,-13452.065430,-1348.513062,2076.061279
4.000000,-12637.494141,-478.572845,2180.061279
4.000000,-4482.711426,150.656921,2182.061279
4.000000,-6796.064453,76.827354,2176.061279
4.000000,-11871.556641,-1212.061401,2132.712891
5.000000,-2177.280029,2.635068,2233.149902
4.000000,-10635.277344,-372.809052,2076.061279
5.000000,-2800.905029,-1276.064087,2182.061279
4.000000,-12622.064453,23.622253,2092.061279
4.000000,-5200.773926,-1244.457520,2182.061279
5.000000,-3825.807129,95.622726,2476.061279
4.000000,-9307.344727,83.938599,2403.938477
5.000000,-4069.487549,-783.614929,2270.061279
4.000000,-5030.942383,32.717289,2476.061279
4.000000,-13033.646484,-973.428223,2186.061279
4.000000,-5555.991699,87.938599,2224.001465
4.000000,-8944.280273,-739.197815,2373.650391
5.000000,-3983.280029,46.648964,2261.019531
4.000000,-8943.780273,85.387154,2400.958984
5.000000,-3836.747070,-1216.061401,2234.078613
4.000000,-10190.115234,-1163.167847,2176.061279
5.000000,-2488.867432,124.263016,2182.061279
4.000000,-12043.280273,-572.966675,2090.551514
5.000000,-2122.998535,-1209.465332,2416.061279
4.000000,-11565.755859,-515.213562,2174.061279
4.000000,-13092.866211,-1001.125427,2186.061279
4.000000,-6759.279785,-378.062012,2419.520508
4.000000,-11802.844727,40.862606,2186.061279
4.000000,-13526.157227,22.240204,2092.061279
4.000000,-6547.444824,-1221.767212,2182.061279
5.000000,-3989.280029,-1253.090698,2389.481445
4.000000,-13449.453125,-1047.484375,2081.061279
5.000000,-3792.872070,87.938599,2394.403809
5.000000,-4139.279785,-201.118835,2335.635010
4.000000,-13949.822266,-1226.563965,2186.061279
4.000000,-5257.725586,-1267.705322,2476.061279
5.000000,-2158.729248,141.476776,2410.061279
4.000000,-12030.627930,-1175.598755,2086.061279
4.000000,-5409.359863,-1032.500732,2274.061279
5.000000,-2751.590088,135.074997,2176.061279
4.000000,-8882.302734,-1131.585693,2426.061279
4.000000,-10316.517578,-1216.061401,2430.144043
5.000000,-4076.109863,15.938600,2475.392822
5.000000,-2100.251221,-30.697966,2235.061279
4.000000,-6645.935059,15.938600,2177.682373
4.000000,-8777.631836,87.938599,2299.768311
4.000000,-5985.940918,-1082.641724,2470.061279
4.000000,-8207.688477,135.397141,2176.061279
5.000000,-2163.849365,-1012.950623,2391.061279
4.000000,-8659.015625,87.938599,2281.380615
4.000000,-11395.270508,-1274.578369,2092.061279
4.000000,-6759.279785,-477.776489,2328.540039
4.000000,-10443.727539,22.278925,2094.526123
4.000000,-13512.867188,145.702484,2092.061279
5.000000,-2169.280029,-488.258545,2324.112305
4.000000,-12525.932617,247.938599,2084.335449
4.000000,-8401.323242,-1156.050293,2470.061279
4.000000,-8659.714844,-1216.061401,2204.380127
4.000000,-11573.280273,-15.798863,2084.514893
4.000000,-6079.128418,-1212.061401,2192.510254
4.000000,-12874.649414,83.938599,2176.059326
5.000000,-4085.558105,83.938599,2292.458252
4.000000,-5457.279785,-82.669579,2381.672119
4.000000,-12197.733398,-1171.629395,2092.061279
4.000000,-11580.639648,-1275.724487,2191.783936
4.000000,-8948.280273,-173.625046,2294.376953
4.000000,-5658.132324,-1231.462036,2182.061279
5.000000,-4143.279785,-981.934814,2347.538086
4.000000,-10300.319336,87.938599,2347.478516
4.000000,-8278.596680,-1282.284302,2476.061279
4.000000,-12764.820312,-359.061401,2142.918457
4.000000,-9560.902344,64.512047,2470.061279
4.000000,-8359.510742,87.938599,2244.519287
4.000000,-10611.671875,97.138710,2121.849121
5.000000,-3574.220215,-1212.061401,2213.563721
4.000000,-9016.753906,-1274.148071,2176.061279
4.000000,-5341.651855,-1151.192505,2470.061279
4.000000,-10329.085938,-1212.061401,2304.580322
4.000000,-12428.211914,74.141830,2186.061279
4.000000,-4503.280762,-1136.543945,2375.340820
4.000000,-12504.870117,-281.696106,2076.061279
4.000000,-6355.071777,-1216.061401,2417.965820
4.000000,-9333.179688,-1275.887817,2470.061279
4.000000,-8948.280273,-358.622772,2283.978760
4.000000,-9660.217773,151.859985,2176.061279
5.000000,-2052.383057,-1224.232910,2176.061279
4.000000,-10629.165039,-521.015015,2076.061279
4.000000,-10214.780273,-1216.061401,2209.455078
5.000000,-1549.497803,-1216.061401,2212.011963
4.000000,-8421.030273,62.692532,2476.061279
4.000000,-5340.771973,-1212.061401,2400.177490
4.000000,-8086.207520,-1144.061401,2475.022461
4.000000,-9559.489258,-1216.061401,2420.732910
4.000000,-11188.280273,-465.363281,2149.633789
4.000000,-5936.675293,-1212.061401,2314.156006
4.000000,-12409.168945,-1037.408325,2180.061279
5.000000,-3797.207031,87.938599,2238.235840
4.000000,-9994.419922,39.109112,2470.061279
5.000000,-3734.629395,87.938599,2419.646240
5.000000,-4075.842041,-224.012405,2274.061279
4.000000,-10365.190430,-1273.345337,2470.061279
4.000000,-11874.684570,-1150.520630,2186.061279
4.000000,-13469.863281,49.281277,2086.061279
4.000000,-7060.052246,-1216.061401,2467.090576
4.000000,-11629.521484,83.938599,2147.950439
4.000000,-13805.800781,-394.061401,2189.347168
4.000000,-10429.755859,-52.410229,2176.061279
4.000000,-8789.330078,-1151.656738,2182.061279
4.000000,-10719.881836,-1180.365601,2177.061279
5.000000,-2031.261353,-1268.728027,2410.061279
4.000000,-12652.741211,83.938599,2137.971436
5.000000,-2325.735596,-1216.061401,2414.610840
4.000000,-13054.966797,26.315384,2180.061279
4.000000,-13105.280273,-798.751770,2153.911133
4.000000,-12928.408203,-860.368774,2186.061279
4.000000,-5442.547363,-542.938171,2270.061279
5.000000,-4139.279785,36.767708,2339.369385
4.000000,-8022.210449,98.986824,2476.061279
4.000000,-13436.006836,-369.922699,2081.061279
4.000000,-8947.827148,-254.846939,2275.496826
4.000000,-10312.890625,108.447533,2476.061279
4.000000,-5813.280762,4.110437,2344.800049
4.000000,-13277.336914,146.618851,2086.061279
4.000000,-4782.129395,-1216.061401,2345.231689
4.000000,-12692.696289,-464.376007,2143.597656
4.000000,-12043.688477,-667.422607,2176.192871
4.000000,-8948.280273,-5.214488,2260.246826
4.000000,-5296.291992,137.938599,2226.696533
5.000000,-2902.604736,-1216.061401,2271.360840
4.000000,-5677.683105,87.938599,2288.110596
4.000000,-12555.390625,-144.061401,2117.964600
5.000000,-2737.725830,-1240.645020,2452.231201
4.000000,-5449.279785,-780.953308,2321.096191
5.000000,-1080.587280,144.757538,2176.061279
4.000000,-6744.225586,83.938599,2227.975098
5.000000,-4216.855957,87.938599,2300.789307
4.000000,-4574.370117,83.938599,2303.196289
5.000000,-2128.818848,32.060989,2231.061279
4.000000,-6968.603516,83.938599,2334.691162
4.000000,-14097.514648,-1162.170654,2186.061279
4.000000,-10789.682617,-276.335663,2180.061279
5.000000,-3649.486816,141.986328,2470.061279
4.000000,-12541.707031,83.938599,2130.651123
5.000000,-3649.454346,-1273.244385,2182.061279
4.000000,-13268.553711,140.342926,2186.061279
5.000000,-4139.279785,-680.214417,2316.046631
4.000000,-6775.915039,-1275.997925,2176.061279
5.000000,-2554.990723,40.750481,2182.061279
4.000000,-10651.699219,-1266.760498,2302.148438
4.000000,-12728.367188,-646.320312,2184.061279
4.000000,-14013.994141,-1151.193604,2180.061279
4.000000,-6614.634766,-1162.684937,2476.061279
4.000000,-4317.960449,83.938599,2193.521973
4.000000,-7314.308594,-1212.061401,2221.568848
4.000000,-14008.280273,-14.593232,2176.320557
4.000000,-13437.938477,-259.646301,2076.061279
5.000000,-3714.565186,-1162.055420,2176.061279
5.000000,-2101.939941,-131.208572,2387.061279
4.000000,-11907.352539,-1023.721375,2180.061279
5.000000,-3755.932861,-1157.271973,2470.061279
4.000000,-5443.519531,-557.356079,2426.061279
5.000000,-3703.703857,-1216.061401,2214.475342
4.000000,-8352.457031,-1208.767456,2470.061279
4.000000,-13384.104492,-804.467834,2172.061279
4.000000,-8773.382812,-1212.061401,2331.799561
4.000000,-10459.127930,-112.927200,2176.061279
4.000000,-9722.846680,-1275.960571,2470.061279
4.000000,-10022.948242,-1271.371826,2476.061279
5.000000,-2932.833252,-1216.061401,2382.879150
4.000000,-9370.942383,83.938599,2418.118896
4.000000,-8212.200195,-1206.095337,2176.061279
4.000000,-13105.280273,33.655258,2154.000977
5.000000,-1695.170288,83.938599,2191.441895
4.000000,-6759.279785,-301.092499,2332.845459
5.000000,-2682.899414,149.766113,2176.061279
4.000000,-10211.282227,42.185635,2305.507568
5.000000,-2302.820801,77.316551,2176.061279
4.000000,-6698.792480,87.938599,2446.069580
4.000000,-4951.216797,-1212.395264,2476.061279
4.000000,-13030.288086,-184.802155,2180.061279
4.000000,-8906.449219,38.203041,2430.061279
4.000000,-8045.423828,-1197.246460,2476.061279
4.000000,-9722.663086,-1260.412476,2476.061279
4.000000,-13719.740234,-1166.846313,2186.061279
4.000000,-6815.143066,-1216.945435,2470.061279
4.000000,-8094.832031,-1212.061401,2341.810547
4.000000,-11236.261719,-1216.061401,2169.706787
4.000000,-7719.667480,-1212.061401,2222.422119
5.000000,-2454.129395,24.798058,2435.930176
4.000000,-7800.391602,-1212.061401,2235.862305
5.000000,-2444.596680,-1278.689697,2182.061279
4.000000,-11242.862305,-1168.994629,2086.061279
4.000000,-13153.128906,-138.234436,2090.425049
4.000000,-11260.343750,-518.428894,2180.061279
4.000000,-14169.883789,24.051470,2086.061279
5.000000,-2097.465576,-307.777435,2235.061279
4.000000,-8531.401367,-1144.061401,2473.074219
4.000000,-8115.065430,87.938599,2229.513184
4.000000,-12735.231445,87.938599,2096.687500
4.000000,-11724.425781,65.793709,2086.061279
4.000000,-5788.662109,153.494461,2182.061279
4.000000,-12984.693359,-543.151428,2135.061279
4.000000,-13428.028320,-1218.791870,2186.061279
4.000000,-5384.774414,-141.274368,2430.061279
4.000000,-9187.537109,-1216.061401,2342.746338
4.000000,-4635.564453,87.938599,2356.105469
4.000000,-12789.804688,-768.933411,2115.061279
4.000000,-6417.049805,155.938599,2475.936523
4.000000,-12564.250977,-905.926208,2180.061279
4.000000,-11919.463867,83.938599,2142.813232
4.000000,-6763.279785,-8.681213,2329.456055
5.000000,-1497.645630,-1248.260742,2176.061279
4.000000,-11170.761719,-875.499756,2079.061279
4.000000,-12802.515625,-94.718246,2186.061279
4.000000,-10646.500977,-641.506042,2076.061279
4.000000,-7344.315918,-1275.856323,2182.061279
4.000000,-7555.464844,87.938599,2414.294678
4.000000,-12715.289062,-594.548157,2267.775635
4.000000,-5850.853027,-1282.206665,2182.061279
5.000000,-2095.280029,-476.118988,2387.078613
4.000000,-8830.490234,133.759918,2176.061279
5.000000,-2796.968262,-1144.061401,2458.927490
5.000000,-3603.442139,-1216.061401,2423.022949
4.000000,-8283.324219,-1144.401489,2476.061279
4.000000,-10128.841797,155.938599,2176.206543
5.000000,-1939.925781,116.954849,2416.061279
5.000000,-2476.778809,83.402969,2437.712891
4.000000,-13983.870117,-784.844604,2172.061279
4.000000,-10037.941406,87.938599,2314.868408
4.000000,-4927.265625,-1212.061401,2408.907715
5.000000,-3407.672607,28.977167,2470.061279
4.000000,-10629.620117,-193.720917,2079.061279
4.000000,-9060.663086,146.507263,2476.061279
4.000000,-8717.659180,-1281.654907,2182.061279
4.000000,-10393.922852,83.938599,2193.288574
4.000000,-11576.280273,-400.856323,2167.678711
5.000000,-3301.585205,-1216.061401,2395.489258
5.000000,-1261.183594,83.938599,2292.024902
4.000000,-7126.294434,-1152.459229,2476.061279
4.000000,-13455.596680,-1284.061401,2090.246094
4.000000,-12918.985352,-979.551270,2078.011230
4.000000,-7404.409180,133.101898,2182.061279
4.000000,-8593.930664,-1164.628906,2476.061279
4.000000,-5252.308105,72.042923,2476.061279
4.000000,-12494.595703,-90.409668,2140.061279
4.000000,-12517.125977,-488.608093,2180.061279
4.000000,-12571.354492,-1096.362305,2140.061279
4.000000,-13913.280273,-36.872681,2084.814697
4.000000,-7688.052246,-1218.737183,2476.061279
4.000000,-11526.280273,-1074.549561,2175.710938
4.000000,-11418.554688,-1233.640503,2209.132568
4.000000,-6767.279785,-1145.734619,2225.120361
4.000000,-11985.316406,-1159.744873,2180.061279
4.000000,-12817.763672,-140.673004,2115.061279
4.000000,-12849.778320,-765.688904,2115.061279
4.000000,-13401.892578,-942.430054,2177.061279
4.000000,-10904.360352,15.938600,2243.917236
5.000000,-1554.792847,18.497831,2176.061279
5.000000,-1571.897339,24.898647,2416.061279
4.000000,-7026.864746,-1284.061401,2471.045166
4.000000,-10908.312500,88.773170,2244.812256
4.000000,-5529.047363,83.938599,2295.637695
4.000000,-9476.500000,-1178.634155,2476.061279
4.000000,-5096.692383,83.938599,2404.546387
4.000000,-11235.002930,-1032.042114,2177.061279
5.000000,-1502.538330,87.531517,2176.061279
4.000000,-13413.280273,-942.256409,2167.638672
4.000000,-7324.511230,-1212.061401,2428.845459
4.000000,-12947.438477,-1184.684814,2186.061279
4.000000,-12244.977539,124.511856,2180.061279
5.000000,-3958.634277,145.667358,2176.061279
4.000000,-12361.280273,-712.500122,2110.679688
4.000000,-9625.135742,83.938599,2276.687988
4.000000,-13059.458984,80.127083,2092.061279
4.000000,-9484.832031,-1150.090698,2182.061279
5.000000,-1110.039062,-1212.061401,2226.010254
4.000000,-8948.280273,-1085.419800,2339.898682
4.000000,-4525.395508,-1216.061401,2308.208984
4.000000,-5244.169922,152.738785,2182.061279
4.000000,-7387.395020,-1207.586304,2176.061279
4.000000,-6763.031250,-147.420349,2424.001709
4.000000,-6341.337891,-1144.061401,2176.169678
4.000000,-12625.491211,-102.894485,2186.061279
5.000000,-3414.115234,-1162.694092,2476.061279
4.000000,-10659.525391,136.820480,2194.734131
5.000000,-2954.292969,83.938599,2330.485352
4.000000,-8212.451172,87.938599,2222.344727
5.000000,-1835.196533,-1212.061401,2313.297363
5.000000,-2353.768066,-1163.199463,2176.061279
5.000000,-1513.199341,-1152.709961,2182.061279
4.000000,-4559.026367,61.282429,2470.061279
4.000000,-10678.280273,-26.063465,2112.804688
4.000000,-14081.752930,-1148.387207,2086.061279
5.000000,-3983.280029,121.112419,2240.168945
5.000000,-4171.531738,-1212.061401,2419.520508
5.000000,-2598.102539,155.041443,2176.061279
4.000000,-5375.279785,-95.036293,2271.318604
4.000000,-6689.707031,-81.983543,2270.061279
4.000000,-8948.280273,34.173336,2299.512939
4.000000,-5668.805664,-1212.061401,2288.204590
5.000000,-1643.634277,15.938600,2177.633545
4.000000,-11775.629883,-1282.271118,2092.061279
4.000000,-8815.113281,154.189041,2470.061279
4.000000,-10684.341797,37.670719,2237.716064
4.000000,-10782.024414,121.672409,2257.653076
5.000000,-3938.583252,-1212.061401,2303.106445
4.000000,-5196.584961,87.938599,2322.239502
5.000000,-3243.182373,-1216.061401,2279.107666
4.000000,-10293.950195,-1212.061401,2235.161133
5.000000,-1237.088501,-1216.061401,2378.289551
5.000000,-4093.847656,-1041.918579,2270.061279
5.000000,-2833.747559,-1212.061401,2365.791260
4.000000,-13304.137695,-1206.372681,2180.061279
5.000000,-3065.386475,-1212.061401,2237.979004
4.000000,-12004.489258,-820.472351,2177.061279
4.000000,-12057.083008,-1093.528687,2076.061279
4.000000,-11332.216797,87.938599,2135.708252
5.000000,-4075.984863,-525.989014,2426.061279
4.000000,-8866.285156,83.938599,2291.461426
5.000000,-2364.162109,99.455521,2176.061279
4.000000,-13159.362305,-329.928101,2094.280273
4.000000,-10467.624023,-1147.413940,2087.474854
5.000000,-2916.323486,-1171.774658,2472.305664
4.000000,-4836.007812,-1216.061401,2320.680420
5.000000,-3812.861084,83.938599,2313.886963
4.000000,-8948.280273,-89.234978,2369.864990
5.000000,-2581.125977,83.938599,2318.211182
4.000000,-8870.280273,-931.043213,2271.448242
4.000000,-6613.774414,97.134872,2176.061279
4.000000,-9795.363281,82.483414,2476.061279
5.000000,-3535.758789,154.346680,2182.061279
4.000000,-10578.873047,126.285637,2376.258057
4.000000,-10127.431641,-1175.619629,2176.061279
4.000000,-12457.280273,-599.048218,2154.694580
5.000000,-4143.279785,-42.397324,2421.662109
4.000000,-4139.608887,-983.976196,2271.346191
4.000000,-10617.041992,131.020844,2086.061279
4.000000,-6706.878906,145.039841,2476.061279
4.000000,-13035.604492,-249.289902,2180.061279
4.000000,-10635.791992,-863.473755,2079.061279
4.000000,-6689.469727,-149.461594,2274.061279
4.000000,-11790.759766,-951.610291,2180.061279
4.000000,-6740.333008,-1268.407227,2470.061279
4.000000,-5595.301270,15.938600,2179.722412
5.000000,-1613.868896,87.938599,2284.937256
4.000000,-9438.927734,80.167015,2182.061279
4.000000,-11310.075195,155.580093,2210.703613
4.000000,-4768.812988,154.971207,2476.061279
4.000000,-6163.579590,-1212.061401,2376.331055
4.000000,-5773.570312,-1280.025269,2182.061279
4.000000,-9205.226562,-1185.778687,2176.061279
4.000000,-5909.280762,-1142.239624,2431.839111
4.000000,-12171.521484,-1124.631714,2180.061279
4.000000,-13451.523438,125.646942,2076.061279
5.000000,-3712.978516,29.174089,2470.061279
4.000000,-7762.523438,47.474380,2476.061279
4.000000,-13249.694336,-320.317230,2186.830566
4.000000,-5554.406738,87.938599,2224.420654
5.000000,-3736.642090,-1165.115723,2470.061279
4.000000,-4139.279785,-912.666870,2294.517090
5.000000,-3347.871826,-1259.061401,2470.100098
4.000000,-12346.364258,-151.169159,2090.061279
4.000000,-10845.820312,73.372787,2249.760254
4.000000,-12666.896484,-897.170776,2186.061279
4.000000,-5943.251465,-1216.061401,2373.983154
4.000000,-10691.683594,104.406578,2267.167480
4.000000,-11385.635742,18.490374,2211.434570
4.000000,-6767.279785,36.283684,2369.041504
4.000000,-12995.183594,-614.345520,2135.061279
4.000000,-9883.719727,-1213.155151,2470.061279
5.000000,-3878.717529,87.938599,2280.846191
4.000000,-12043.280273,-149.840591,2159.886963
5.000000,-1712.955566,-1269.514160,2176.061279
4.000000,-6603.279785,-1259.292480,2258.603760
4.000000,-10429.444336,-1083.758667,2176.061279
4.000000,-8876.064453,-215.684921,2430.061279
4.000000,-12501.780273,-940.311890,2078.343506
4.000000,-8872.880859,-10.663135,2426.061279
4.000000,-5963.064453,83.938599,2238.161377
4.000000,-11217.264648,-217.528366,2177.061279
4.000000,-5685.168945,-1216.061401,2231.821045
5.000000,-2576.821777,-1160.623535,2182.061279
4.000000,-7769.899902,-1148.567383,2176.061279
4.000000,-12609.823242,-359.335846,2115.061279
4.000000,-7536.647461,116.353584,2176.061279
5.000000,-1324.550171,-1212.061401,2248.001465
4.000000,-7261.889160,-1216.061401,2308.232178
5.000000,-1540.401611,-1211.833252,2416.061279
4.000000,-8853.574219,72.298721,2176.061279
4.000000,-6681.267090,-1176.657104,2182.061279
4.000000,-11330.560547,88.183708,2086.061279
5.000000,-2177.280029,-1147.689819,2195.553955
5.000000,-4020.334473,87.938599,2278.051758
5.000000,-2336.975586,155.524887,2420.691406
4.000000,-9600.780273,15.938600,2472.893799
5.000000,-2336.455322,83.938599,2253.680908
4.000000,-4484.595215,-41.234589,2476.061279
4.000000,-8163.543945,83.938599,2426.306885
4.000000,-8081.328125,-1259.298828,2470.061279
4.000000,-12356.390625,-1279.441650,2186.061279
4.000000,-12706.736328,-1185.628418,2086.061279
5.000000,-1016.193970,-1216.061401,2247.835693
4.000000,-5260.598145,-1284.061401,2179.143799
4.000000,-14177.944336,139.978317,2092.061279
5.000000,-2116.445312,-100.029510,2235.061279
5.000000,-2084.703125,89.849503,2176.061279
4.000000,-4448.612305,83.938599,2238.997314
5.000000,-956.180176,-1216.061401,2215.435303
4.000000,-5293.279785,-1168.287354,2286.234619
4.000000,-12310.763672,-630.192871,2091.444092
4.000000,-13748.363281,-789.655273,2190.504150
4.000000,-7282.629883,-1281.221680,2182.061279
4.000000,-8948.280273,-575.546997,2280.740723
4.000000,-12919.780273,-604.119568,2126.692383
4.000000,-9064.333984,83.938599,2405.322998
4.000000,-10144.031250,-1216.061401,2431.285156
5.000000,-1590.167480,-1254.734863,2182.061279
4.000000,-4888.634766,83.938599,2368.509766
4.000000,-9197.448242,135.710052,2476.061279
4.000000,-5828.109375,-1139.142090,2476.061279
4.000000,-7994.639648,-1216.061401,2277.671875
4.000000,-8591.242188,83.938599,2227.529785
4.000000,-5947.275391,-1216.061401,2252.588379
4.000000,-6494.935547,-1185.448242,2182.061279
4.000000,-5324.130859,-1280.820679,2476.061279
4.000000,-12884.280273,-600.645874,2172.391602
4.000000,-10882.439453,-1212.061401,2135.668701
4.000000,-6265.233398,-1165.988159,2182.061279
5.000000,-1386.713379,-1154.474731,2176.061279
4.000000,-10307.263672,-1109.515747,2176.061279
4.000000,-11573.280273,-1128.037598,2145.060547
4.000000,-13376.888672,-1144.465820,2186.061279
4.000000,-12504.673828,-686.726257,2081.061279
4.000000,-7753.916504,151.645218,2182.061279
5.000000,-3133.555908,-1281.465210,2176.061279
4.000000,-4898.058594,-1216.061401,2354.508301
4.000000,-12559.034180,-657.245239,2180.061279
4.000000,-12310.280273,-761.975830,2106.134277
4.000000,-5453.279785,-1151.648926,2456.649414
5.000000,-3293.443848,153.420151,2182.061279
4.000000,-11498.157227,104.601517,2197.551758
4.000000,-10576.855469,-1281.026245,2369.750732
4.000000,-7006.254395,-1197.034790,2176.061279
5.000000,-845.769714,-1278.917236,2182.061279
5.000000,-4024.563232,17.513748,2182.061279
4.000000,-4072.937012,-1152.354248,2176.061279
4.000000,-12217.931641,-1260.296143,2092.061279
5.000000,-958.754883,-1212.061401,2265.920166
4.000000,-11605.116211,74.240356,2076.061279
4.000000,-4592.561523,148.190155,2470.061279
4.000000,-7108.109863,-1270.727661,2470.061279
4.000000,-6088.675293,-1216.061401,2366.265137
4.000000,-12877.747070,-246.920593,2186.061279
5.000000,-3189.559082,22.956625,2258.697021
4.000000,-9753.019531,155.938599,2180.881592
4.000000,-12767.408203,-923.555603,2180.061279
5.000000,-1378.107544,-1216.061401,2305.059814
4.000000,-5249.719727,87.938599,2389.504883
4.000000,-6447.018066,-1283.125854,2182.061279
4.000000,-9840.534180,83.938599,2272.290527
4.000000,-10096.334961,-1212.061401,2310.008057
4.000000,-5909.280762,-1164.866943,2380.930420
4.000000,-13921.284180,-104.195129,2081.061279
4.000000,-4289.314453,-1216.061401,2414.793213
5.000000,-2048.927734,-1216.061401,2228.886230
4.000000,-9630.661133,106.520889,2176.061279
4.000000,-10639.064453,-589.752808,2079.061279
5.000000,-2037.657593,86.837555,2410.061279
4.000000,-6902.223145,-1212.061401,2235.765137
5.000000,-4143.025391,-804.087219,2423.978027
4.000000,-13460.598633,-201.332489,2076.061279
4.000000,-8563.829102,103.557686,2176.061279
4.000000,-13495.546875,-365.332947,2121.061279
4.000000,-6216.106934,87.938599,2425.814697
4.000000,-8883.285156,83.938599,2377.345947
4.000000,-13105.280273,-716.106201,2128.471191
5.000000,-2948.497070,-1216.061401,2383.176758
5.000000,-3193.281006,-1146.378052,2420.189453
4.000000,-11829.605469,-1283.597778,2180.061279
4.000000,-10852.059570,151.306244,2242.731201
5.000000,-4139.279785,-391.170929,2341.048340
4.000000,-10675.280273,-252.520172,2146.120117
4.000000,-6004.161621,82.387100,2176.061279
4.000000,-5805.907715,-1192.491821,2470.061279
4.000000,-8787.956055,-1274.505249,2470.061279
5.000000,-2556.445068,87.938599,2388.052490
4.000000,-9999.086914,-1157.902710,2176.061279
4.000000,-8829.092773,83.938599,2333.349854
4.000000,-12048.316406,-291.440582,2083.877686
4.000000,-10473.030273,-1184.755981,2241.676758
4.000000,-5329.845215,83.938599,2410.736328
4.000000,-7777.724609,-1216.061401,2374.496094
5.000000,-2150.325928,-213.100128,2235.061279
4.000000,-6763.279785,-1163.717773,2415.289551
4.000000,-4844.059570,-1216.061401,2391.111328
5.000000,-2955.086426,-1210.272461,2176.061279
5.000000,-3500.435059,83.938599,2222.628906
4.000000,-12948.285156,-697.052307,2081.061279
4.000000,-10675.545898,-571.531311,2172.741211
5.000000,-1738.327759,-1212.061401,2331.460449
4.000000,-10720.763672,87.938599,2220.221680
4.000000,-12973.514648,121.701736,2186.061279
4.000000,-12125.240234,141.504776,2086.061279
4.000000,-8000.844238,-1225.519897,2470.061279
4.000000,-5883.456055,121.769073,2470.061279
5.000000,-2451.777588,155.922684,2429.726562
4.000000,-10628.280273,-21.926527,2079.511475
4.000000,-12914.873047,-1078.173340,2086.061279
4.000000,-5376.948242,-884.561951,2430.061279
4.000000,-5695.941406,7.549801,2476.061279
4.000000,-9382.955078,-1185.645508,2476.061279
5.000000,-3451.209961,154.638367,2470.061279
4.000000,-12964.440430,-874.949402,2135.061279
5.000000,-2546.108154,-1266.805298,2182.061279
4.000000,-13847.406250,-364.061401,2123.536865
4.000000,-8172.011719,-1216.061401,2277.672119
4.000000,-6058.865723,83.394691,2176.061279
4.000000,-7641.315430,-1151.656494,2470.061279
5.000000,-2840.989502,87.938599,2300.977295
5.000000,-2094.469727,-1216.061401,2355.884766
4.000000,-8944.280273,-1077.934204,2413.230469
4.000000,-10566.888672,148.822739,2086.061279
4.000000,-11406.365234,-649.870117,2176.061279
4.000000,-5254.676270,-1167.704224,2476.061279
4.000000,-8384.940430,145.525253,2476.061279
4.000000,-9434.748047,87.938599,2246.240479
4.000000,-13421.915039,-322.195740,2076.061279
4.000000,-12984.903320,-291.559753,2186.061279
4.000000,-12533.264648,-208.223587,2180.061279
4.000000,-5434.728516,-1212.061401,2469.637939
4.000000,-11225.862305,-1262.939453,2222.606934
4.000000,-11956.968750,-1214.382812,2086.061279
4.000000,-8037.329102,31.296707,2182.061279
4.000000,-6897.455078,-1283.307739,2470.061279
4.000000,-6760.951172,-283.815704,2427.703369
4.000000,-5577.679199,-1216.061401,2304.398193
4.000000,-11437.138672,-1168.577637,2201.818359
4.000000,-7850.725586,-1216.061401,2384.757568
4.000000,-13966.985352,-457.812073,2177.061279
4.000000,-7622.118164,-1265.315674,2182.061279
4.000000,-8897.559570,-1205.066406,2182.061279
5.000000,-2099.082764,-1047.043457,2231.061279
4.000000,-6913.584961,27.199873,2470.061279
5.000000,-4065.280029,-329.759155,2429.800049
4.000000,-13011.020508,113.300621,2086.061279
4.000000,-12733.467773,-478.415405,2173.861328
4.000000,-11527.485352,28.820435,2201.515381
4.000000,-5366.016602,65.322052,2470.061279
5.000000,-2507.543701,87.938599,2351.682373
4.000000,-13168.439453,51.461700,2180.061279
4.000000,-13800.758789,47.743805,2092.061279
5.000000,-1642.623413,32.897881,2176.061279
4.000000,-8201.465820,-1144.061401,2472.274170
4.000000,-12048.280273,-931.170044,2100.326660
4.000000,-10534.074219,83.938599,2227.560547
4.000000,-12682.560547,-77.767845,2186.061279
4.000000,-11346.472656,-518.824951,2177.955811
5.000000,-2688.670410,-1164.449341,2176.061279
4.000000,-8810.279297,76.922562,2470.061279
4.000000,-12541.723633,-1088.682495,2186.061279
4.000000,-6420.140137,33.790768,2470.061279
4.000000,-9627.343750,-1150.907715,2470.061279
4.000000,-13003.727539,-600.899109,2186.061279
4.000000,-8881.633789,-1132.930176,2274.061279
4.000000,-12148.751953,50.516354,2186.061279
4.000000,-6685.279785,-1108.546631,2429.877197
4.000000,-6686.347656,-531.545837,2274.061279
5.000000,-3761.744141,103.533142,2476.061279
4.000000,-10437.347656,-1017.247864,2176.061279
5.000000,-3630.326660,-1202.671875,2182.061279
4.000000,-8266.038086,-1212.061401,2349.135986
4.000000,-12628.332031,-139.061401,2120.505615
4.000000,-12459.728516,-94.318314,2186.061279
4.000000,-7239.809570,-1275.582886,2470.061279
4.000000,-13465.653320,32.674847,2186.061279
5.000000,-1995.710205,141.697800,2410.061279
5.000000,-3133.162354,40.329273,2476.061279
4.000000,-8073.588867,-1254.760742,2470.061279
5.000000,-2756.208496,134.427841,2176.061279
4.000000,-9965.917969,87.938599,2425.284668
4.000000,-8046.201660,46.769890,2470.061279
5.000000,-3254.448975,-1216.061401,2363.037842
4.000000,-6708.341309,-282.082642,2274.061279
4.000000,-4771.475098,-1216.061401,2423.708008
4.000000,-10990.483398,-676.083801,2176.061279
5.000000,-3121.789795,83.938599,2329.560303
5.000000,-2169.280029,-705.460022,2325.927979
4.000000,-6668.434082,-1160.846680,2176.061279
4.000000,-7222.085449,144.998840,2182.061279
5.000000,-2994.280029,-1123.913696,2229.610107
5.000000,-1438.544556,-1270.183960,2182.061279
5.000000,-3626.634766,-1212.061401,2281.043213
5.000000,-2470.869873,-1206.555176,2176.061279
4.000000,-11998.693359,-102.377617,2176.061279
5.000000,-3010.050293,150.826462,2476.061279
4.000000,-8607.584961,83.938599,2235.001709
4.000000,-14123.478516,15.938600,2185.786133
5.000000,-3289.281006,-1178.849731,2437.301270
4.000000,-13162.280273,-886.533997,2114.690430
4.000000,-11188.280273,-260.501801,2131.311523
4.000000,-8915.186523,-1216.061401,2379.683838
4.000000,-7209.130371,140.938599,2180.360352
4.000000,-12914.780273,-925.310791,2124.489258
4.000000,-8685.540039,128.683746,2182.061279
4.000000,-9255.873047,-1212.061401,2331.962646
5.000000,-3027.642578,17.874905,2476.061279
5.000000,-1838.020142,-1203.295044,2410.061279
5.000000,-1810.135986,15.938600,2414.584229
5.000000,-4143.279785,-1069.681885,2380.750488
4.000000,-6073.316895,95.369431,2476.061279
4.000000,-12587.280273,-22.398670,2153.890625
5.000000,-3519.153076,102.311287,2176.061279
5.000000,-2118.875000,-888.470520,2231.061279
4.000000,-4233.975586,149.236649,2182.061279
4.000000,-12998.019531,-1282.399658,2180.061279
5.000000,-1376.198120,35.483383,2182.061279
4.000000,-7780.256836,-1225.225098,2476.061279
4.000000,-14078.450195,-1147.610596,2086.061279
4.000000,-12882.790039,-984.061401,2133.505127
4.000000,-7738.883789,83.938599,2413.760498
4.000000,-6759.279785,-161.674805,2338.353027
5.000000,-1525.046387,-1155.075562,2176.061279
4.000000,-8485.932617,-1153.966187,2176.061279
4.000000,-13057.842773,-768.222778,2186.061279
4.000000,-11117.643555,-1144.061401,2228.570801
4.000000,-4595.166016,-24.945650,2470.061279
4.000000,-11182.567383,-1214.680542,2219.619873
4.000000,-14176.990234,132.362717,2180.061279
5.000000,-1203.246826,111.656624,2176.061279
4.000000,-11573.280273,-136.334427,2104.625244
5.000000,-2802.034912,16.446642,2176.061279
4.000000,-10981.470703,-1268.202637,2086.061279
4.000000,-12454.333984,-723.044312,2180.061279
4.000000,-12186.476562,87.938599,2157.470459
4.000000,-9355.202148,28.277359,2176.061279
4.000000,-12551.780273,-673.356689,2096.084717
5.000000,-2704.818848,87.938599,2217.516357
4.000000,-5357.069336,83.938599,2221.525635
4.000000,-10642.197266,135.401886,2174.720459
4.000000,-13908.049805,-1277.657349,2092.061279
4.000000,-7296.344238,-1212.061401,2352.083252
4.000000,-10123.085938,87.938599,2355.094238
4.000000,-12840.572266,-1216.061401,2147.520020
4.000000,-4851.145020,-1144.061401,2179.583984
4.000000,-8468.460938,87.938599,2412.422852
5.000000,-1657.974243,155.938599,2410.861328
5.000000,-2426.005615,-1153.431885,2176.061279
4.000000,-5965.739746,87.938599,2319.651367
4.000000,-12506.058594,-835.784607,2081.061279
4.000000,-14279.038086,-1216.061401,2127.675049
4.000000,-5813.280762,26.361671,2258.964600
4.000000,-12830.903320,-717.192932,2186.061279
4.000000,-5509.286133,-1184.171997,2470.061279
4.000000,-12837.289062,-989.061401,2115.241455
4.000000,-14249.354492,142.886765,2180.983643
4.000000,-11601.880859,-488.151245,2076.061279
4.000000,-8066.002441,-1216.061401,2257.292969
4.000000,-8417.790039,-1165.685303,2182.061279
4.000000,-5187.651367,83.938599,2409.068115
4.000000,-11623.280273,-635.929382,2078.446777
5.000000,-1435.546509,30.601191,2416.061279
4.000000,-12940.787109,89.603325,2076.061279
5.000000,-3343.060059,-1248.677246,2182.061279
4.000000,-6322.904785,110.963974,2476.061279
4.000000,-11185.576172,-38.554855,2086.061279
4.000000,-9660.694336,152.549225,2476.061279
4.000000,-8883.035156,-148.056656,2430.061279
5.000000,-1395.191406,155.938599,2181.311035
4.000000,-10690.470703,-835.356140,2177.061279
4.000000,-6658.470703,-1216.061401,2380.473877
4.000000,-11621.127930,142.321838,2076.061279
4.000000,-9833.123047,-1241.493408,2476.061279
5.000000,-1521.933228,-1212.061401,2283.677002
4.000000,-12584.091797,-83.023262,2137.790771
5.000000,-910.400146,85.097221,2311.211182
4.000000,-8544.619141,144.894943,2476.061279
5.000000,-4068.697510,-410.811829,2270.061279
4.000000,-12477.562500,16.762707,2135.061279
5.000000,-2800.480713,128.129196,2463.188721
5.000000,-3091.231934,-1216.061401,2392.188232
5.000000,-2894.640381,15.938600,2468.023438
4.000000,-7925.583984,22.221365,2470.061279
5.000000,-1241.965942,87.938599,2234.308594
4.000000,-5027.971680,145.681793,2470.061279
4.000000,-10191.312500,87.938599,2345.393555
4.000000,-7969.911621,83.938599,2376.946045
4.000000,-12523.851562,-290.969421,2186.061279
4.000000,-10854.527344,-1277.864990,2092.061279
4.000000,-6365.047363,128.391403,2182.061279
4.000000,-10119.325195,87.938599,2352.856201
4.000000,-6701.035645,-618.258057,2430.061279
4.000000,-11864.868164,87.938599,2143.390625
4.000000,-5909.280762,-1163.003418,2216.846924
4.000000,-11148.960938,-1209.299927,2076.061279
4.000000,-14004.708008,-1013.032166,2177.061279
5.000000,-2444.178955,-1145.311035,2176.061279
4.000000,-6284.985840,-1216.061401,2439.568848
4.000000,-5817.684082,83.938599,2416.953613
4.000000,-12762.219727,-139.061401,2134.235352
4.000000,-8650.818359,-1144.061401,2179.022705
5.000000,-4139.694336,148.228638,2470.061279
4.000000,-9487.087891,79.438202,2470.061279
5.000000,-3085.009766,74.548042,2176.061279
4.000000,-8760.254883,87.938599,2418.952393
4.000000,-5293.279785,-1262.947754,2280.119629
4.000000,-12110.834961,-1144.061401,2183.112305
5.000000,-2476.143799,-1282.641479,2182.061279
4.000000,-9915.988281,-1148.796509,2176.061279
4.000000,-13250.247070,-1144.061401,2091.221436
4.000000,-7976.518066,87.938599,2239.741211
5.000000,-2673.708984,-1237.621704,2453.211426
4.000000,-5613.298828,-1194.301025,2476.061279
4.000000,-5002.615234,-1161.025146,2470.061279
4.000000,-5449.050781,-1072.390869,2423.250488
4.000000,-13074.541992,137.166595,2086.061279
4.000000,-13958.397461,-702.310913,2076.781494
4.000000,-11257.105469,-1206.643677,2220.422363
4.000000,-5847.657227,-1212.004272,2176.061279
4.000000,-9926.090820,18.963285,2470.061279
5.000000,-2300.308105,21.304489,2417.805664
4.000000,-5076.684082,-1212.061401,2303.769775
4.000000,-12615.495117,-867.850708,2186.061279
4.000000,-10575.295898,-928.121765,2176.061279
4.000000,-13593.176758,-734.061401,2188.622070
4.000000,-12917.577148,-1164.798340,2076.061279
4.000000,-11185.282227,-762.359253,2171.076660
4.000000,-6759.279785,-710.302185,2346.931641
4.000000,-12844.071289,-1145.862549,2086.061279
4.000000,-13222.700195,-764.061401,2139.958740
4.000000,-6696.475586,87.938599,2345.680664
4.000000,-11623.280273,-246.417694,2076.246582
4.000000,-9829.112305,83.938599,2433.526855
4.000000,-9008.924805,83.938599,2296.609863
4.000000,-5961.470215,-1272.635620,2176.061279
4.000000,-4066.899658,-1284.061401,2179.427979
4.000000,-6929.262207,-1160.058350,2476.061279
5.000000,-4143.279785,-435.338898,2311.634277
4.000000,-9478.744141,32.043041,2176.061279
4.000000,-12546.780273,-339.753784,2112.859863
4.000000,-5762.010742,-1086.303223,2470.061279
4.000000,-4383.289062,83.938599,2279.419434
5.000000,-4139.279785,-803.281921,2360.774902
5.000000,-2095.789307,-812.415405,2235.061279
4.000000,-11422.902344,-412.906494,2180.061279
4.000000,-13422.472656,-978.319397,2076.061279
4.000000,-4776.588867,153.930008,2470.061279
5.000000,-1421.490112,-1278.596558,2182.061279
4.000000,-13693.045898,-1275.759155,2092.061279
4.000000,-8190.150879,103.907059,2476.061279
4.000000,-8577.633789,83.938599,2311.400879
4.000000,-6973.659180,35.458675,2470.061279
4.000000,-13073.768555,-486.963196,2180.061279
5.000000,-797.003418,-1185.161133,2182.061279
4.000000,-11980.170898,-1149.236938,2186.061279
4.000000,-12355.280273,-629.034485,2149.580811
4.000000,-8268.513672,-1237.634888,2176.061279
4.000000,-5208.798828,94.390633,2176.061279
4.000000,-8886.730469,-214.431366,2426.061279
4.000000,-13413.576172,-38.799877,2076.061279
4.000000,-8936.278320,15.938600,2473.140137
4.000000,-12305.091797,-222.480667,2097.931152
4.000000,-6730.353516,-509.657928,2430.061279
4.000000,-13429.356445,-528.014404,2076.061279
4.000000,-6192.484863,83.938599,2310.600342
5.000000,-3329.010254,-1079.061401,2470.353760
4.000000,-10561.633789,44.321568,2393.800537
4.000000,-12799.886719,-378.676331,2186.061279
4.000000,-12879.280273,-49.234764,2146.542725
4.000000,-12210.046875,-1228.951294,2186.061279
4.000000,-10814.697266,-1195.115479,2251.358643
4.000000,-7330.092773,-1216.061401,2290.576416
4.000000,-9916.597656,117.764420,2176.061279
4.000000,-9308.185547,146.293121,2176.061279
4.000000,-7594.960449,-1237.501831,2476.061279
4.000000,-5381.891602,-201.041443,2426.061279
4.000000,-12550.319336,-534.936829,2180.061279
4.000000,-7588.156250,126.251106,2470.061279
4.000000,-7201.560059,-1212.061401,2414.797363
4.000000,-6690.767578,-697.245483,2430.061279
4.000000,-6121.459961,92.102028,2176.061279
5.000000,-4046.138184,-1216.061401,2286.522461
4.000000,-12988.559570,-1272.381836,2092.061279
4.000000,-9680.999023,83.938599,2182.122559
4.000000,-13545.976562,-1166.208984,2180.061279
4.000000,-12866.967773,-102.038765,2186.061279
4.000000,-13668.903320,-1202.857056,2086.061279
4.000000,-13072.354492,-430.407196,2180.061279
4.000000,-11488.338867,25.552891,2092.061279
4.000000,-6161.895020,83.938599,2219.193359
5.000000,-3989.280029,133.861801,2314.733887
4.000000,-6375.599609,-1275.010620,2182.061279
4.000000,-8944.280273,-578.930481,2416.590088
4.000000,-12048.280273,-752.243103,2135.372559
4.000000,-7978.013184,-1212.061401,2392.145264
4.000000,-12654.672852,-537.753113,2142.061279
4.000000,-7339.394043,87.938599,2251.880127
5.000000,-3853.641357,37.415466,2176.061279
5.000000,-2759.598877,-1212.061401,2385.430664
4.000000,-12992.264648,-1169.635254,2135.061279
4.000000,-4718.675293,-1284.061401,2474.032227
4.000000,-9439.829102,-1212.061401,2348.442139
5.000000,-3022.335693,64.095375,2176.061279
4.000000,-9087.150391,-1158.031860,2476.061279
5.000000,-3757.169189,-1261.802002,2476.061279
5.000000,-2834.662842,-1216.061401,2358.222168
4.000000,-12715.457031,-678.713318,2150.263184
5.000000,-3575.402832,83.938599,2237.444580
4.000000,-4994.881348,-1245.330200,2182.061279
4.000000,-12884.137695,-886.318054,2136.510254
4.000000,-8973.866211,127.709747,2470.061279
4.000000,-13418.280273,-906.131958,2105.461670
4.000000,-5357.710938,136.222961,2476.061279
4.000000,-12569.574219,132.048035,2092.061279
5.000000,-1572.677002,152.468964,2410.061279
4.000000,-7921.527832,22.849424,2476.061279
4.000000,-6010.467285,83.938599,2273.675293
4.000000,-10687.462891,-890.544556,2174.061279
5.000000,-2543.583740,94.410927,2176.061279
4.000000,-6417.556152,15.938600,2181.929199
4.000000,-9368.234375,15.938600,2475.205811
4.000000,-12009.931641,134.684708,2086.061279
4.000000,-10738.097656,120.789383,2086.061279
4.000000,-4953.580566,-1284.061401,2179.933838
4.000000,-5777.269531,-1212.061401,2385.478271
4.000000,-5241.113281,-1212.061401,2298.034424
4.000000,-11529.658203,-1231.316406,2195.348877
4.000000,-6685.279785,-814.065796,2273.995361
5.000000,-3761.477783,-1212.061401,2247.764893
5.000000,-3765.584473,-1212.061401,2280.520508
4.000000,-5378.036133,-934.533325,2274.061279
5.000000,-3276.613281,-1231.519897,2470.061279
4.000000,-13169.439453,-1280.222534,2180.061279
4.000000,-7465.129883,-1246.862305,2476.061279
4.000000,-4650.000000,-1282.088501,2476.061279
5.000000,-1823.890503,-1216.061401,2230.852051
4.000000,-8131.720703,-1277.745972,2176.061279
4.000000,-6322.398926,83.938599,2338.837646
4.000000,-7543.513672,-1166.594482,2176.061279
4.000000,-12556.875977,-1174.707520,2135.061279
4.000000,-12731.815430,-231.621582,2180.061279
5.000000,-3293.956055,-1216.061401,2237.835938
4.000000,-4831.583496,-1216.061401,2200.847412
5.000000,-1377.685669,-1212.061401,2297.328613
4.000000,-4895.537109,-1212.061401,2216.371826
5.000000,-2927.541504,149.245758,2182.061279
4.000000,-12409.391602,-1147.737183,2180.061279
4.000000,-11068.302734,-507.910828,2180.016846
5.000000,-2163.833496,-587.796631,2235.061279
5.000000,-1668.621094,57.471420,2410.061279
5.000000,-4055.753174,87.938599,2234.175293
5.000000,-3074.692627,-1154.873535,2182.061279
4.000000,-5453.279785,-1200.353760,2409.890137
4.000000,-5436.722168,-652.412964,2274.061279
4.000000,-7154.891113,27.383062,2470.061279
4.000000,-8520.961914,52.381241,2176.061279
5.000000,-3812.105713,113.473190,2182.061279
4.000000,-13413.280273,-222.289215,2123.106201
4.000000,-11134.784180,147.713196,2086.061279
5.000000,-2944.162598,145.783157,2474.496582
4.000000,-6037.849609,83.938599,2409.909424
5.000000,-4146.880371,87.938599,2293.095703
5.000000,-2087.970215,28.833891,2410.061279
4.000000,-7620.392090,-1212.061401,2419.354492
4.000000,-13000.135742,-826.285278,2140.231445
4.000000,-11185.280273,-211.229721,2088.182373
4.000000,-4720.406738,-1275.124512,2176.061279
4.000000,-13839.619141,-764.061401,2128.110107
4.000000,-6040.994141,19.747448,2176.061279
4.000000,-9076.067383,104.392891,2176.061279
4.000000,-11628.772461,-847.564148,2176.061279
4.000000,-11538.646484,-1163.606201,2086.061279
4.000000,-11954.279297,-1259.270386,2180.061279
4.000000,-11185.280273,-1175.974243,2161.260742
5.000000,-3198.318848,-1282.659424,2182.061279
4.000000,-6386.200195,-1253.202148,2470.061279
5.000000,-1256.195068,-1284.061401,2179.360352
5.000000,-1797.503052,155.726532,2416.061279
4.000000,-10637.260742,-1265.502197,2166.169189
5.000000,-2176.674805,-1068.505737,2361.814209
5.000000,-2173.280029,-270.153320,2336.695312
4.000000,-13460.559570,-1110.214233,2076.061279
4.000000,-10456.393555,-1216.061401,2171.965332
4.000000,-8728.222656,87.938599,2257.645264
4.000000,-11573.280273,-989.464539,2136.958252
4.000000,-13091.012695,-1114.260864,2186.061279
4.000000,-8948.280273,-1143.604248,2314.033691
4.000000,-8480.850586,155.938599,2177.940674
4.000000,-13181.630859,87.938599,2109.277344
4.000000,-12361.280273,-928.989502,2162.025879
4.000000,-13478.666992,-1216.061401,2140.440674
4.000000,-12045.625000,-418.655029,2078.542480
4.000000,-10481.753906,83.938599,2304.012207
5.000000,-2971.550293,-1269.140503,2182.061279
5.000000,-3229.331543,-1149.670776,2176.061279
4.000000,-13413.772461,-889.689575,2081.392578
5.000000,-2788.550293,47.320679,2462.249756
5.000000,-2177.280029,46.366459,2332.493164
5.000000,-3489.222656,-1209.338989,2470.061279
5.000000,-3943.349121,-1216.061401,2423.879395
4.000000,-5467.615723,-1273.514160,2176.061279
4.000000,-6003.301758,-25.091972,2470.061279
4.000000,-7092.577148,154.657623,2476.061279
4.000000,-5699.490234,-1192.068848,2476.061279
5.000000,-3029.380371,87.938599,2412.952881
4.000000,-12624.967773,-748.185913,2186.061279
4.000000,-6024.019531,-1220.724243,2176.061279
4.000000,-14010.960938,-1276.729004,2180.061279
4.000000,-12733.658203,-528.337524,2257.852783
4.000000,-7766.455566,-1159.883789,2176.061279
4.000000,-5882.337891,155.938599,2176.114990
4.000000,-9001.517578,83.938599,2450.132568
4.000000,-9427.505859,-1216.061401,2408.764404
4.000000,-6500.827637,-1279.136597,2470.061279
4.000000,-8866.276367,-1212.061401,2354.540527
4.000000,-5592.024414,-1260.484619,2182.061279
4.000000,-6281.346191,87.938599,2401.082520
4.000000,-11047.784180,-1216.061401,2220.557129
5.000000,-3811.223633,-1282.149292,2176.061279
5.000000,-3874.720459,53.118652,2470.061279
5.000000,-4143.279785,-446.916595,2377.971680
4.000000,-12880.735352,-1235.417236,2186.061279
4.000000,-10141.580078,95.005348,2176.061279
4.000000,-6702.892578,-969.703491,2270.061279
5.000000,-3485.423828,-1267.097656,2470.061279
5.000000,-2519.984131,83.938599,2293.314941
5.000000,-3289.281006,-1170.846680,2290.619873
4.000000,-13156.280273,-190.283676,2113.357910
4.000000,-12905.672852,-805.474487,2135.061279
5.000000,-2271.632568,-1146.520996,2182.061279
5.000000,-3939.589600,87.938599,2340.769043
4.000000,-11914.609375,-97.157722,2176.874512
4.000000,-12639.713867,-764.061401,2128.521973
4.000000,-8701.361328,32.938389,2182.061279
5.000000,-2831.804688,138.470779,2176.061279
4.000000,-10473.030273,-1175.716919,2146.987061
5.000000,-3687.887939,-1216.061401,2284.354736
4.000000,-8513.782227,-1279.206909,2476.061279
4.000000,-11536.289062,-816.797913,2177.061279
5.000000,-2173.280029,-1099.544189,2294.114014
4.000000,-7342.433594,83.938599,2249.673584
4.000000,-12052.807617,-1036.189087,2076.061279
5.000000,-2879.220703,87.938599,2231.751709
5.000000,-3963.677734,63.056122,2176.061279
4.000000,-6454.438965,101.712349,2470.061279
5.000000,-3901.025635,-1165.909180,2470.061279
4.000000,-11135.380859,-537.225403,2176.061279
4.000000,-11591.411133,-338.683044,2176.061279
4.000000,-7690.442383,-1193.109497,2176.061279
4.000000,-13413.280273,-722.419312,2122.044678
4.000000,-13004.280273,-9.934840,2175.531494
5.000000,-3626.489746,24.329121,2182.061279
4.000000,-11185.280273,-702.587891,2110.237061
4.000000,-10246.682617,-1203.950439,2430.639404
5.000000,-1160.785522,-1248.634033,2182.061279
4.000000,-13132.822266,140.828552,2092.061279
4.000000,-5452.831543,-1009.951721,2424.604492
4.000000,-12409.625977,-837.580017,2180.061279
4.000000,-6355.170898,87.938599,2402.102051
4.000000,-9993.100586,-1216.061401,2253.588623
4.000000,-11650.791992,28.488264,2192.893066
4.000000,-13215.986328,20.457325,2180.061279
5.000000,-3562.224121,15.938600,2177.369141
4.000000,-7412.447754,-1144.450684,2176.061279
4.000000,-9670.128906,87.938599,2337.016602
4.000000,-10556.453125,92.706451,2086.061279
4.000000,-5434.093262,-1151.298096,2182.061279
4.000000,-10911.509766,69.705208,2092.061279
5.000000,-3459.893799,-1212.061401,2412.180664
4.000000,-12935.604492,-64.441925,2086.061279
4.000000,-13097.551758,-572.278931,2186.061279
4.000000,-5352.001953,36.103428,2176.061279
4.000000,-4769.249023,-1179.115845,2476.061279
4.000000,-8948.280273,-589.271179,2351.847900
4.000000,-5395.010254,-357.935303,2430.061279
4.000000,-8319.585938,-1216.061401,2418.071777
5.000000,-3908.752441,-1174.874390,2476.061279
